timestamp,object_id,object_class,confidence,bbox,zone,distance_m,risk_score,navigation_state,steering_angle,left_wheel,right_wheel,selected_action
2026-10-02T23:45:10.109,1,person,0.843,"(601, 319, 349, 398)",3,3.0,100.0,TURN_LEFT,-16.8,53.1,72.9,TURN LEFT
2026-10-02T23:45:10.222,1,person,0.877,"(601, 321, 349, 395)",3,3.0,100.0,TURN_LEFT,-28.9,41.0,75.1,TURN LEFT
2026-10-02T23:45:10.322,1,person,0.873,"(602, 320, 349, 396)",3,3.0,100.0,TURN_LEFT,-37.6,32.3,76.6,TURN LEFT
2026-10-02T23:45:10.412,1,person,0.871,"(600, 320, 351, 397)",3,3.0,100.0,TURN_LEFT,-43.9,26.0,77.7,TURN LEFT
2026-10-02T23:45:10.503,1,person,0.877,"(601, 321, 350, 396)",3,3.0,100.0,TURN_LEFT,-48.4,21.4,78.5,TURN LEFT
2026-10-02T23:45:10.606,1,person,0.840,"(603, 320, 347, 396)",3,3.0,100.0,TURN_LEFT,-51.6,18.2,79.0,TURN LEFT
2026-10-02T23:45:10.700,1,person,0.865,"(599, 321, 351, 396)",3,3.0,100.0,TURN_LEFT,-54.0,15.8,79.5,TURN LEFT
2026-10-02T23:45:10.791,1,person,0.895,"(601, 321, 349, 396)",3,3.0,100.0,TURN_LEFT,-55.7,14.1,79.7,TURN LEFT
2026-10-02T23:45:10.881,1,person,0.874,"(598, 321, 352, 396)",3,3.0,100.0,TURN_LEFT,-56.9,12.9,80.0,TURN LEFT
2026-10-02T23:45:10.976,1,person,0.853,"(602, 320, 347, 397)",3,3.0,100.0,TURN_LEFT,-57.8,12.0,80.1,TURN LEFT
2026-10-02T23:45:11.072,1,person,0.750,"(599, 316, 346, 402)",3,3.0,100.0,TURN_LEFT,-58.4,11.4,80.2,TURN LEFT
2026-10-02T23:45:11.168,1,person,0.849,"(589, 312, 340, 405)",2,2.9,100.0,TURN_LEFT,-58.8,11.0,80.3,TURN LEFT
2026-10-02T23:45:11.265,1,person,0.800,"(581, 309, 330, 406)",2,2.9,100.0,TURN_LEFT,-59.2,10.6,80.4,TURN LEFT
2026-10-02T23:45:11.375,1,person,0.799,"(553, 310, 331, 406)",2,2.9,100.0,TURN_LEFT,-59.4,10.4,80.4,TURN LEFT
2026-10-02T23:45:11.516,1,person,0.582,"(497, 316, 349, 399)",2,3.0,100.0,TURN_LEFT,-59.6,10.2,80.4,TURN LEFT
2026-10-02T23:45:11.771,1,person,0.856,"(502, 244, 775, 471)",3,2.5,100.0,TURN_LEFT,-47.7,22.1,78.3,STRAIGHT
2026-10-02T23:45:11.863,1,person,0.717,"(497, 292, 434, 424)",2,2.8,100.0,TURN_LEFT,-51.1,18.7,78.9,STRAIGHT
2026-10-02T23:45:11.957,1,person,0.824,"(503, 254, 770, 459)",3,2.6,100.0,TURN_LEFT,-53.6,16.2,79.4,STRAIGHT
2026-10-02T23:45:12.049,1,person,0.617,"(518, 258, 760, 454)",3,2.6,99.6,TURN_LEFT,-55.3,14.5,79.7,TURN LEFT
2026-10-02T23:45:12.141,1,person,0.628,"(511, 255, 767, 457)",3,2.6,99.7,TURN_LEFT,-56.6,13.2,79.9,TURN LEFT
2026-10-02T23:45:12.239,1,person,0.704,"(510, 252, 768, 460)",3,2.6,100.0,TURN_LEFT,-57.5,12.3,80.1,TURN LEFT
2026-10-02T23:45:12.330,1,person,0.505,"(528, 251, 751, 460)",3,2.6,98.4,TURN_LEFT,-58.0,11.8,80.2,TURN LEFT
2026-10-02T23:45:12.430,1,person,0.508,"(511, 260, 765, 453)",3,2.6,84.5,TURN_LEFT,-55.9,13.9,79.8,TURN LEFT
2026-10-02T23:45:12.548,1,person,0.644,"(511, 275, 764, 436)",3,2.7,99.8,TURN_LEFT,-57.0,12.8,80.0,TURN LEFT
2026-10-02T23:45:12.700,1,person,0.491,"(512, 262, 766, 448)",3,2.7,84.3,TURN_LEFT,-55.2,14.6,79.7,TURN LEFT
2026-10-02T23:45:12.836,1,person,0.480,"(480, 266, 798, 445)",3,2.7,84.2,TURN_LEFT,-53.9,15.9,79.4,TURN LEFT
2026-10-02T23:45:12.974,1,person,0.583,"(513, 282, 763, 429)",3,2.8,85.2,TURN_LEFT,-53.1,16.7,79.3,TURN LEFT
2026-10-02T23:45:13.103,1,person,0.837,"(519, 301, 759, 413)",3,2.9,87.8,TURN_LEFT,-53.0,16.8,79.3,TURN LEFT
2026-10-02T23:45:13.226,1,person,0.606,"(513, 326, 626, 388)",3,3.1,100.0,TURN_LEFT,-55.0,14.8,79.6,TURN LEFT
2026-10-02T23:45:13.323,1,person,0.807,"(497, 323, 324, 395)",2,3.0,100.0,TURN_LEFT,-56.4,13.4,79.9,TURN LEFT
2026-10-02T23:45:13.410,1,person,0.807,"(497, 323, 324, 395)",2,3.0,100.0,TURN_LEFT,-57.4,12.4,80.0,TURN LEFT
2026-10-02T23:45:13.507,1,person,0.792,"(494, 322, 329, 394)",2,3.0,100.0,TURN_LEFT,-58.1,11.7,80.2,TURN LEFT
2026-10-02T23:45:13.604,1,person,0.839,"(496, 319, 327, 397)",2,3.0,100.0,TURN_LEFT,-58.6,11.2,80.3,TURN LEFT
2026-10-02T23:45:13.707,1,person,0.840,"(496, 320, 328, 396)",2,3.0,100.0,TURN_LEFT,-59.0,10.8,80.3,TURN LEFT
2026-10-02T23:45:13.812,1,person,0.773,"(497, 325, 312, 392)",2,3.0,100.0,TURN_LEFT,-59.3,10.5,80.4,TURN LEFT
2026-10-02T23:45:13.933,1,person,0.788,"(486, 328, 299, 390)",2,3.1,100.0,TURN_LEFT,-59.5,10.3,80.4,TURN LEFT
2026-10-02T23:45:14.036,1,person,0.813,"(476, 330, 297, 389)",2,3.1,100.0,TURN_LEFT,-59.6,10.2,80.4,TURN LEFT
2026-10-02T23:45:14.136,1,person,0.805,"(468, 331, 295, 386)",2,3.1,100.0,TURN_LEFT,-59.7,10.1,80.4,TURN LEFT
2026-10-02T23:45:14.270,1,person,0.579,"(437, 335, 299, 382)",2,3.1,100.0,TURN_LEFT,-59.8,10.0,80.5,TURN LEFT
2026-10-02T23:45:14.368,1,person,0.503,"(417, 337, 302, 381)",2,3.1,100.0,TURN_LEFT,-59.9,9.9,80.5,TURN LEFT
2026-10-02T23:45:14.487,1,person,0.740,"(411, 339, 302, 378)",2,3.1,100.0,TURN_LEFT,-59.9,9.9,80.5,TURN LEFT
2026-10-02T23:45:14.605,1,person,0.752,"(403, 340, 311, 378)",2,3.1,100.0,TURN_LEFT,-59.9,9.9,80.5,TURN LEFT
2026-10-02T23:45:14.749,1,person,0.795,"(428, 334, 302, 382)",2,3.1,100.0,TURN_LEFT,-59.9,9.9,80.5,TURN LEFT
2026-10-02T23:45:14.880,1,person,0.822,"(474, 327, 301, 389)",2,3.1,100.0,TURN_LEFT,-60.0,9.8,80.5,TURN LEFT
2026-10-02T23:45:14.976,1,person,0.846,"(491, 325, 305, 392)",2,3.0,100.0,TURN_LEFT,-60.0,9.8,80.5,TURN LEFT
2026-10-02T23:45:15.071,1,person,0.846,"(491, 325, 305, 392)",2,3.0,100.0,TURN_LEFT,-60.0,9.8,80.5,TURN LEFT
2026-10-02T23:45:15.155,1,person,0.804,"(499, 319, 347, 398)",2,3.0,100.0,TURN_LEFT,-60.0,9.8,80.5,TURN LEFT
2026-10-02T23:45:15.239,1,person,0.778,"(595, 321, 315, 396)",2,3.0,100.0,TURN_LEFT,-60.0,9.8,80.5,TURN LEFT
2026-10-02T23:45:15.328,1,person,0.736,"(635, 322, 310, 394)",3,3.0,100.0,TURN_LEFT,-60.0,9.8,80.5,TURN LEFT
2026-10-02T23:45:15.426,1,person,0.745,"(648, 322, 307, 393)",3,3.0,100.0,TURN_LEFT,-60.0,9.8,80.5,TURN LEFT
2026-10-02T23:45:15.534,1,person,0.460,"(572, 323, 426, 392)",3,3.0,100.0,TURN_LEFT,-60.0,9.8,80.5,TURN LEFT
2026-10-02T23:45:15.625,1,person,0.717,"(588, 327, 527, 389)",3,3.1,100.0,TURN_LEFT,-60.0,9.8,80.5,TURN LEFT
2026-10-02T23:45:15.714,1,person,0.530,"(719, 330, 399, 387)",3,3.1,98.8,TURN_LEFT,-59.8,10.0,80.5,TURN LEFT
2026-10-02T23:45:15.989,1,person,0.539,"(600, 335, 524, 382)",3,3.1,98.9,TURN_LEFT,-47.6,22.2,78.3,STRAIGHT
2026-10-02T23:45:16.089,1,person,0.678,"(626, 339, 502, 378)",3,3.1,100.0,TURN_LEFT,-51.1,18.7,78.9,STRAIGHT
2026-10-02T23:45:16.175,1,person,0.567,"(627, 340, 496, 378)",3,3.1,99.2,TURN_LEFT,-53.4,16.4,79.3,STRAIGHT
2026-10-02T23:45:16.268,1,person,0.667,"(799, 343, 329, 375)",3,3.2,86.2,TURN_LEFT,-52.9,16.9,79.3,TURN LEFT
2026-10-02T23:45:16.365,1,person,0.716,"(634, 343, 493, 376)",3,3.2,100.0,TURN_LEFT,-54.9,14.9,79.6,TURN LEFT
2026-10-02T23:45:16.460,1,person,0.806,"(637, 342, 495, 376)",3,3.2,87.5,TURN_LEFT,-54.2,15.6,79.5,TURN LEFT
2026-10-02T23:45:16.568,1,person,0.758,"(798, 345, 328, 372)",3,3.2,87.0,TURN_LEFT,-53.7,16.1,79.4,TURN LEFT
2026-10-02T23:45:16.655,1,person,0.719,"(794, 343, 331, 374)",3,3.2,86.7,TURN_LEFT,-53.2,16.6,79.3,TURN LEFT
2026-10-02T23:45:16.767,1,person,0.494,"(788, 343, 335, 374)",3,3.2,84.4,TURN_LEFT,-52.5,17.3,79.2,TURN LEFT
2026-10-02T23:45:16.889,1,person,0.494,"(787, 342, 337, 374)",3,3.2,84.4,TURN_LEFT,-51.9,17.9,79.1,TURN LEFT
2026-10-02T23:45:16.978,1,person,0.511,"(775, 340, 345, 376)",3,3.2,84.6,TURN_LEFT,-51.6,18.2,79.0,TURN LEFT
2026-10-02T23:45:17.067,1,person,0.511,"(775, 340, 345, 376)",3,3.2,84.6,TURN_LEFT,-51.4,18.4,79.0,TURN LEFT
2026-10-02T23:45:17.160,1,person,0.694,"(753, 335, 368, 382)",3,3.1,86.4,TURN_LEFT,-51.5,18.3,79.0,TURN LEFT
2026-10-02T23:45:17.253,1,person,0.746,"(746, 333, 375, 384)",3,3.1,100.0,TURN_LEFT,-53.9,15.9,79.4,TURN LEFT
2026-10-02T23:45:17.459,1,person,0.480,"(689, 328, 312, 389)",3,3.1,100.0,TURN_LEFT,-44.7,25.2,77.8,STRAIGHT
2026-10-02T23:45:17.708,1,person,0.687,"(663, 326, 305, 391)",3,3.0,100.0,TURN_LEFT,-40.0,29.9,77.0,TURN LEFT
2026-10-02T23:45:17.846,1,person,0.730,"(642, 325, 318, 391)",3,3.0,100.0,TURN_LEFT,-45.6,24.2,78.0,TURN LEFT
2026-10-02T23:45:17.984,1,person,0.739,"(635, 323, 313, 394)",3,3.0,100.0,TURN_LEFT,-49.6,20.2,78.7,TURN LEFT
2026-10-02T23:45:18.149,1,person,0.677,"(625, 319, 316, 398)",3,3.0,100.0,TURN_LEFT,-52.5,17.3,79.2,TURN LEFT
2026-10-02T23:45:18.254,1,person,0.766,"(617, 320, 322, 397)",3,3.0,100.0,TURN_LEFT,-54.6,15.2,79.6,TURN LEFT
2026-10-02T23:45:18.346,1,person,0.792,"(616, 320, 321, 398)",3,3.0,100.0,TURN_LEFT,-56.1,13.7,79.8,TURN LEFT
2026-10-02T23:45:18.441,1,person,0.807,"(616, 321, 320, 396)",3,3.0,100.0,TURN_LEFT,-57.2,12.6,80.0,TURN LEFT
2026-10-02T23:45:18.527,1,person,0.778,"(612, 320, 323, 398)",3,3.0,100.0,TURN_LEFT,-58.0,11.8,80.2,TURN LEFT
2026-10-02T23:45:18.608,1,person,0.788,"(618, 321, 323, 397)",3,3.0,100.0,TURN_LEFT,-58.6,11.2,80.3,TURN LEFT
2026-10-02T23:45:18.704,1,person,0.788,"(618, 321, 323, 397)",3,3.0,100.0,TURN_LEFT,-59.0,10.8,80.3,TURN LEFT
2026-10-02T23:45:18.805,1,person,0.748,"(621, 321, 316, 396)",3,3.0,100.0,TURN_LEFT,-59.3,10.5,80.4,TURN LEFT
2026-10-02T23:45:18.890,1,person,0.669,"(600, 321, 330, 396)",2,3.0,100.0,TURN_LEFT,-59.5,10.3,80.4,TURN LEFT
2026-10-02T23:45:18.991,1,person,0.798,"(593, 324, 317, 393)",2,3.0,100.0,TURN_LEFT,-59.6,10.2,80.4,TURN LEFT
2026-10-02T23:45:19.084,1,person,0.776,"(595, 328, 308, 389)",2,3.1,100.0,TURN_LEFT,-59.7,10.1,80.4,TURN LEFT
2026-10-02T23:45:19.185,1,person,0.760,"(588, 337, 286, 379)",2,3.1,100.0,TURN_LEFT,-59.8,10.0,80.5,TURN LEFT
2026-10-02T23:45:19.276,1,person,0.846,"(598, 343, 272, 375)",2,3.2,100.0,TURN_LEFT,-59.9,9.9,80.5,TURN LEFT
2026-10-02T23:45:19.365,1,person,0.781,"(593, 351, 277, 367)",2,3.2,100.0,TURN_LEFT,-59.9,9.9,80.5,TURN LEFT
2026-10-02T23:45:19.457,1,person,0.773,"(598, 357, 268, 362)",2,3.3,100.0,TURN_LEFT,-59.9,9.9,80.5,TURN LEFT
2026-10-02T23:45:19.555,1,person,0.782,"(604, 373, 248, 345)",2,3.4,100.0,TURN_LEFT,-59.9,9.9,80.5,TURN LEFT
2026-10-02T23:45:19.646,1,person,0.808,"(611, 383, 243, 334)",2,3.6,100.0,TURN_LEFT,-60.0,9.8,80.5,TURN LEFT
2026-10-02T23:45:19.741,1,person,0.735,"(608, 389, 240, 328)",2,3.6,100.0,TURN_LEFT,-60.0,9.8,80.5,TURN LEFT
2026-10-02T23:45:19.831,1,person,0.772,"(615, 398, 225, 320)",2,3.7,99.5,TURN_LEFT,-59.9,9.9,80.5,TURN LEFT
2026-10-02T23:45:19.929,1,person,0.804,"(620, 409, 223, 308)",2,3.9,99.2,TURN_LEFT,-59.8,10.0,80.5,TURN LEFT
2026-10-02T23:45:20.021,1,person,0.798,"(621, 412, 221, 306)",2,3.9,98.9,TURN_LEFT,-59.6,10.2,80.4,TURN LEFT
2026-10-02T23:45:20.122,1,person,0.767,"(627, 413, 219, 305)",2,3.9,98.5,TURN_LEFT,-59.5,10.3,80.4,TURN LEFT
2026-10-02T23:45:20.204,1,person,0.758,"(634, 413, 222, 304)",2,3.9,98.5,TURN_LEFT,-59.4,10.4,80.4,TURN LEFT
2026-10-02T23:45:20.315,1,person,0.763,"(642, 410, 233, 308)",2,3.9,99.4,TURN_LEFT,-59.4,10.4,80.4,TURN LEFT
2026-10-02T23:45:20.428,1,person,0.732,"(640, 404, 257, 314)",3,3.8,100.0,TURN_LEFT,-59.6,10.2,80.4,TURN LEFT
2026-10-02T23:45:20.550,1,person,0.758,"(644, 392, 287, 324)",3,3.7,100.0,TURN_LEFT,-59.7,10.1,80.4,TURN LEFT
2026-10-02T23:45:20.643,1,person,0.755,"(660, 389, 262, 328)",3,3.6,100.0,TURN_LEFT,-59.8,10.0,80.5,TURN LEFT
2026-10-02T23:45:20.734,1,person,0.755,"(660, 389, 262, 328)",3,3.6,100.0,TURN_LEFT,-59.9,9.9,80.5,TURN LEFT
2026-10-02T23:45:20.823,1,person,0.730,"(649, 373, 298, 343)",3,3.5,100.0,TURN_LEFT,-59.9,9.9,80.5,TURN LEFT
2026-10-02T23:45:20.907,1,person,0.682,"(666, 357, 293, 360)",3,3.3,100.0,TURN_LEFT,-59.9,9.9,80.5,TURN LEFT
2026-10-02T23:45:21.002,1,person,0.475,"(524, 345, 437, 371)",2,3.2,100.0,TURN_LEFT,-59.9,9.9,80.5,TURN LEFT
2026-10-02T23:45:21.096,1,person,0.734,"(657, 341, 306, 374)",3,3.2,100.0,TURN_LEFT,-60.0,9.8,80.5,TURN LEFT
2026-10-02T23:45:21.191,1,person,0.757,"(635, 324, 322, 393)",3,3.0,100.0,TURN_LEFT,-60.0,9.8,80.5,TURN LEFT
2026-10-02T23:45:21.282,1,person,0.860,"(627, 315, 323, 402)",3,3.0,100.0,TURN_LEFT,-60.0,9.8,80.5,TURN LEFT
2026-10-02T23:45:21.378,1,person,0.682,"(619, 310, 332, 407)",3,2.9,100.0,TURN_LEFT,-60.0,9.8,80.5,TURN LEFT
2026-10-02T23:45:21.480,1,person,0.586,"(619, 309, 308, 406)",3,2.9,100.0,TURN_LEFT,-60.0,9.8,80.5,TURN LEFT
2026-10-02T23:45:22.141,1,person,0.530,"(595, 484, 311, 230)",2,5.2,81.3,TURN_LEFT,-22.0,47.9,73.8,TURN LEFT
2026-10-02T23:45:22.234,1,person,0.476,"(591, 485, 309, 229)",2,5.2,80.6,TURN_LEFT,-29.4,40.5,75.1,TURN LEFT
2026-10-02T23:45:22.597,1,person,0.509,"(603, 476, 312, 239)",2,5.0,81.6,TURN_LEFT,-21.6,48.3,73.8,STRAIGHT
2026-10-02T23:45:22.692,2,person,0.655,"(976, 9, 302, 698)",4,1.7,98.7,TURN_LEFT,-32.1,37.8,75.6,STRAIGHT
2026-10-02T23:45:22.782,2,person,0.628,"(884, 225, 391, 487)",4,2.4,85.7,TURN_LEFT,-37.5,32.4,76.6,STRAIGHT
2026-10-02T23:45:22.782,1,person,0.474,"(584, 468, 328, 245)",2,4.9,82.3,TURN_LEFT,-37.5,32.4,76.6,STRAIGHT
2026-10-02T23:45:22.896,2,person,0.503,"(818, 288, 456, 424)",4,2.8,84.4,TURN_LEFT,-41.2,28.7,77.2,TURN LEFT
2026-10-02T23:45:23.028,1,person,0.498,"(563, 389, 578, 324)",3,3.7,100.0,TURN_LEFT,-46.5,23.3,78.1,TURN LEFT
2026-10-02T23:45:23.281,1,person,0.488,"(554, 485, 461, 229)",3,5.2,87.1,TURN_LEFT,-38.7,31.2,76.8,TURN LEFT
2026-10-02T23:45:23.548,1,person,0.515,"(579, 493, 460, 220)",3,5.4,86.6,TURN_LEFT,-34.6,35.3,76.1,STRAIGHT
2026-10-02T23:45:23.633,1,person,0.471,"(585, 492, 468, 222)",3,5.4,100.0,TURN_LEFT,-41.7,28.2,77.3,STRAIGHT
2026-10-02T23:45:23.722,1,person,0.614,"(583, 491, 467, 223)",3,5.3,100.0,TURN_LEFT,-46.9,22.9,78.2,STRAIGHT
2026-10-02T23:45:23.820,1,person,0.580,"(574, 491, 435, 224)",3,5.3,100.0,TURN_LEFT,-50.5,19.3,78.8,TURN LEFT
2026-10-02T23:45:23.906,1,person,0.663,"(566, 492, 393, 225)",2,5.3,99.8,TURN_LEFT,-53.2,16.6,79.3,TURN LEFT
2026-10-02T23:45:24.006,1,person,0.657,"(542, 501, 296, 214)",2,5.6,81.1,TURN_LEFT,-51.9,17.9,79.1,TURN LEFT
2026-10-02T23:45:24.106,1,person,0.621,"(532, 504, 288, 213)",2,5.6,80.4,TURN_LEFT,-50.9,18.9,78.9,TURN LEFT
2026-10-02T23:45:24.479,1,person,0.593,"(540, 520, 290, 194)",2,6.1,69.9,TURN_LEFT,-25.4,44.5,74.4,STRAIGHT
2026-10-02T23:45:24.580,1,person,0.557,"(541, 530, 296, 184)",2,6.5,69.2,TURN_LEFT,-29.9,40.0,75.2,TURN LEFT
2026-10-02T23:45:28.619,3,person,0.495,"(510, 583, 370, 131)",2,9.1,67.5,TURN_LEFT,-11.3,58.7,72.0,TURN LEFT
2026-10-02T23:45:29.255,3,person,0.540,"(642, 569, 368, 144)",3,8.3,68.7,TURN_LEFT,-13.1,56.9,72.3,STRAIGHT
2026-10-02T23:45:29.632,3,person,0.472,"(700, 559, 359, 154)",3,7.7,63.5,TURN_LEFT,-14.2,55.8,72.5,TURN LEFT
2026-10-02T23:45:31.144,4,person,0.464,"(673, 506, 298, 209)",3,5.7,78.9,TURN_LEFT,-13.3,56.7,72.3,TURN LEFT
2026-10-02T23:45:31.239,4,person,0.587,"(668, 506, 298, 209)",3,5.7,80.2,TURN_LEFT,-23.1,46.8,74.0,TURN LEFT
2026-10-02T23:45:31.410,4,person,0.609,"(657, 505, 300, 211)",3,5.6,80.6,TURN_LEFT,-25.5,44.4,74.5,TURN LEFT
2026-10-02T23:45:31.785,4,person,0.500,"(664, 505, 301, 212)",3,5.6,79.6,TURN_LEFT,-20.2,49.7,73.5,STRAIGHT
2026-10-02T23:45:31.890,4,person,0.550,"(668, 505, 299, 211)",3,5.6,80.0,TURN_LEFT,-28.0,41.9,74.9,TURN LEFT
2026-10-02T23:45:31.992,4,person,0.470,"(672, 505, 299, 211)",3,5.6,79.2,TURN_LEFT,-33.5,36.4,75.9,TURN LEFT
2026-10-02T23:45:34.457,5,person,0.502,"(562, 506, 289, 208)",2,5.7,78.9,TURN_LEFT,-13.3,56.7,72.3,TURN LEFT
2026-10-02T23:45:34.555,5,person,0.531,"(555, 507, 287, 207)",2,5.7,79.0,TURN_LEFT,-22.8,47.1,74.0,TURN LEFT
2026-10-02T23:45:34.645,5,person,0.709,"(521, 516, 267, 202)",2,5.9,79.9,TURN_LEFT,-29.8,40.1,75.2,TURN LEFT
2026-10-02T23:45:34.739,5,person,0.697,"(490, 506, 283, 210)",2,5.7,80.7,TURN_LEFT,-35.0,34.9,76.1,TURN LEFT
2026-10-02T23:45:34.835,5,person,0.856,"(435, 370, 313, 347)",2,3.4,100.0,TURN_LEFT,-42.0,27.9,77.3,TURN LEFT
2026-10-02T23:45:34.925,5,person,0.518,"(382, 277, 320, 434)",2,2.7,100.0,TURN_LEFT,-47.1,22.7,78.2,TURN LEFT
2026-10-02T23:45:35.021,5,person,0.518,"(382, 277, 320, 434)",2,2.7,100.0,TURN_LEFT,-50.7,19.1,78.9,TURN LEFT
2026-10-02T23:45:35.123,6,person,0.785,"(2, 33, 1237, 680)",2,1.8,100.0,TURN_LEFT,-53.3,16.5,79.3,TURN LEFT
2026-10-02T23:45:35.207,6,person,0.818,"(2, 12, 1249, 699)",2,1.7,100.0,TURN_LEFT,-55.2,14.6,79.7,TURN LEFT
2026-10-02T23:45:35.299,6,person,0.857,"(3, 3, 1247, 707)",2,1.7,100.0,TURN_LEFT,-56.5,13.3,79.9,TURN LEFT
2026-10-02T23:45:35.391,6,person,0.768,"(2, 34, 1257, 676)",2,1.8,99.9,TURN_LEFT,-57.5,12.3,80.1,TURN LEFT
2026-10-02T23:45:35.495,6,person,0.871,"(1, 95, 1089, 617)",2,1.9,100.0,TURN_LEFT,-58.2,11.6,80.2,TURN LEFT
2026-10-02T23:45:35.587,6,person,0.914,"(3, 106, 1088, 605)",2,2.0,100.0,TURN_LEFT,-58.7,11.1,80.3,TURN LEFT
2026-10-02T23:45:35.678,6,person,0.914,"(3, 106, 1088, 605)",2,2.0,100.0,TURN_LEFT,-59.1,10.7,80.3,TURN LEFT
2026-10-02T23:45:35.773,6,person,0.882,"(3, 100, 1126, 611)",2,1.9,100.0,TURN_LEFT,-59.3,10.5,80.4,TURN LEFT
2026-10-02T23:45:35.860,6,person,0.865,"(3, 95, 1174, 616)",2,1.9,100.0,TURN_LEFT,-59.5,10.3,80.4,TURN LEFT
2026-10-02T23:45:35.962,6,person,0.862,"(4, 98, 1148, 613)",2,1.9,100.0,TURN_LEFT,-59.6,10.2,80.4,TURN LEFT
2026-10-02T23:45:36.048,6,person,0.892,"(4, 100, 1114, 611)",2,1.9,100.0,TURN_LEFT,-59.7,10.1,80.4,TURN LEFT
2026-10-02T23:45:36.141,6,person,0.892,"(4, 100, 1114, 611)",2,1.9,100.0,TURN_LEFT,-59.8,10.0,80.5,TURN LEFT
2026-10-02T23:45:36.242,6,person,0.904,"(3, 102, 1100, 610)",2,2.0,100.0,TURN_LEFT,-59.9,9.9,80.5,TURN LEFT
2026-10-02T23:45:36.331,6,person,0.896,"(4, 104, 1090, 608)",2,2.0,100.0,TURN_LEFT,-59.9,9.9,80.5,TURN LEFT
2026-10-02T23:45:36.428,6,person,0.875,"(4, 103, 1106, 609)",2,2.0,100.0,TURN_LEFT,-59.9,9.9,80.5,TURN LEFT
2026-10-02T23:45:36.517,6,person,0.909,"(3, 104, 1075, 608)",2,2.0,100.0,TURN_LEFT,-60.0,9.8,80.5,TURN LEFT
2026-10-02T23:45:36.608,6,person,0.909,"(3, 104, 1075, 608)",2,2.0,100.0,TURN_LEFT,-60.0,9.8,80.5,TURN LEFT
2026-10-02T23:45:36.704,6,person,0.914,"(4, 106, 1078, 606)",2,2.0,100.0,TURN_LEFT,-60.0,9.8,80.5,TURN LEFT
2026-10-02T23:45:36.798,6,person,0.911,"(4, 107, 1097, 606)",2,2.0,100.0,TURN_LEFT,-60.0,9.8,80.5,TURN LEFT
2026-10-02T23:45:36.894,6,person,0.889,"(4, 108, 1085, 604)",2,2.0,100.0,TURN_LEFT,-60.0,9.8,80.5,TURN LEFT
2026-10-02T23:45:36.992,6,person,0.913,"(4, 108, 1090, 604)",2,2.0,100.0,TURN_LEFT,-60.0,9.8,80.5,TURN LEFT
2026-10-02T23:45:37.082,6,person,0.913,"(4, 108, 1090, 604)",2,2.0,100.0,TURN_LEFT,-60.0,9.8,80.5,TURN LEFT
2026-10-02T23:45:37.174,6,person,0.892,"(4, 109, 1082, 603)",2,2.0,100.0,TURN_LEFT,-60.0,9.8,80.5,TURN LEFT
2026-10-02T23:45:37.268,6,person,0.879,"(3, 107, 1104, 605)",2,2.0,100.0,TURN_LEFT,-60.0,9.8,80.5,TURN LEFT
2026-10-02T23:45:37.362,6,person,0.892,"(4, 108, 1078, 605)",2,2.0,100.0,TURN_LEFT,-60.0,9.8,80.5,TURN LEFT
2026-10-02T23:45:37.460,6,person,0.906,"(4, 107, 1067, 605)",2,2.0,100.0,TURN_LEFT,-60.0,9.8,80.5,TURN LEFT
2026-10-02T23:45:37.552,6,person,0.906,"(4, 107, 1067, 605)",2,2.0,100.0,TURN_LEFT,-60.0,9.8,80.5,TURN LEFT
2026-10-02T23:45:37.644,6,person,0.920,"(4, 109, 1066, 603)",2,2.0,100.0,TURN_LEFT,-60.0,9.8,80.5,TURN LEFT
2026-10-02T23:45:37.738,6,person,0.869,"(3, 109, 1092, 604)",2,2.0,100.0,TURN_LEFT,-60.0,9.8,80.5,TURN LEFT
2026-10-02T23:45:37.828,6,person,0.916,"(2, 109, 1078, 603)",2,2.0,100.0,TURN_LEFT,-60.0,9.8,80.5,TURN LEFT
2026-10-02T23:45:37.921,6,person,0.893,"(3, 109, 1087, 604)",2,2.0,100.0,TURN_LEFT,-60.0,9.8,80.5,TURN LEFT
2026-10-02T23:45:38.018,6,person,0.893,"(3, 109, 1087, 604)",2,2.0,100.0,TURN_LEFT,-60.0,9.8,80.5,TURN LEFT
2026-10-02T23:45:38.124,6,person,0.915,"(3, 109, 1073, 604)",2,2.0,100.0,TURN_LEFT,-60.0,9.8,80.5,TURN LEFT
2026-10-02T23:45:38.209,6,person,0.893,"(4, 109, 1077, 604)",2,2.0,100.0,TURN_LEFT,-60.0,9.8,80.5,TURN LEFT
2026-10-02T23:45:38.299,6,person,0.889,"(4, 110, 1087, 603)",2,2.0,100.0,TURN_LEFT,-60.0,9.8,80.5,TURN LEFT
2026-10-02T23:45:38.395,6,person,0.904,"(3, 110, 1083, 603)",2,2.0,100.0,TURN_LEFT,-60.0,9.8,80.5,TURN LEFT
2026-10-02T23:45:38.489,6,person,0.904,"(3, 110, 1083, 603)",2,2.0,100.0,TURN_LEFT,-60.0,9.8,80.5,TURN LEFT
2026-10-02T23:45:38.591,6,person,0.905,"(4, 110, 1079, 603)",2,2.0,100.0,TURN_LEFT,-60.0,9.8,80.5,TURN LEFT
2026-10-02T23:45:38.680,6,person,0.905,"(3, 110, 1105, 603)",2,2.0,100.0,TURN_LEFT,-60.0,9.8,80.5,TURN LEFT
2026-10-02T23:45:38.768,6,person,0.906,"(3, 109, 1096, 603)",2,2.0,100.0,TURN_LEFT,-60.0,9.8,80.5,TURN LEFT
2026-10-02T23:45:38.857,6,person,0.821,"(3, 105, 1112, 605)",2,2.0,100.0,TURN_LEFT,-60.0,9.8,80.5,TURN LEFT
2026-10-02T23:45:38.957,6,person,0.821,"(3, 105, 1112, 605)",2,2.0,100.0,TURN_LEFT,-60.0,9.8,80.5,TURN LEFT
2026-10-02T23:45:39.053,6,person,0.854,"(0, 85, 1038, 626)",2,1.9,100.0,TURN_LEFT,-60.0,9.8,80.5,TURN LEFT
2026-10-02T23:45:39.145,6,person,0.873,"(0, 80, 1018, 635)",1,1.9,100.0,TURN_RIGHT,-26.4,43.5,74.6,TURN RIGHT
2026-10-02T23:45:39.237,6,person,0.864,"(0, 79, 998, 635)",1,1.9,100.0,TURN_RIGHT,-2.2,67.8,70.4,TURN RIGHT
2026-10-02T23:45:39.328,6,person,0.835,"(0, 75, 945, 639)",1,1.9,100.0,TURN_RIGHT,15.2,72.7,54.7,TURN RIGHT
2026-10-02T23:45:39.420,6,person,0.835,"(0, 75, 945, 639)",1,1.9,100.0,TURN_RIGHT,27.8,74.9,42.1,TURN RIGHT
2026-10-02T23:45:39.519,6,person,0.877,"(0, 76, 936, 637)",1,1.9,100.0,TURN_RIGHT,36.8,76.4,33.1,TURN RIGHT
2026-10-02T23:45:39.610,6,person,0.866,"(0, 76, 945, 637)",1,1.9,100.0,TURN_RIGHT,43.3,77.6,26.6,TURN RIGHT
2026-10-02T23:45:39.711,6,person,0.861,"(0, 75, 938, 638)",1,1.9,100.0,TURN_RIGHT,48.0,78.4,21.8,TURN RIGHT
2026-10-02T23:45:39.801,6,person,0.853,"(0, 76, 937, 637)",1,1.9,100.0,TURN_RIGHT,51.3,79.0,18.5,TURN RIGHT
2026-10-02T23:45:39.892,6,person,0.853,"(0, 76, 937, 637)",1,1.9,100.0,TURN_RIGHT,53.8,79.4,16.0,TURN RIGHT
2026-10-02T23:45:39.984,6,person,0.879,"(0, 76, 938, 637)",1,1.9,100.0,TURN_RIGHT,55.5,79.7,14.3,TURN RIGHT
2026-10-02T23:45:40.080,6,person,0.859,"(0, 78, 981, 635)",1,1.9,100.0,TURN_RIGHT,56.8,79.9,13.0,TURN RIGHT
2026-10-02T23:45:40.178,6,person,0.853,"(0, 79, 985, 634)",1,1.9,100.0,TURN_RIGHT,57.7,80.1,12.1,TURN RIGHT
2026-10-02T23:45:40.272,6,person,0.863,"(2, 78, 1017, 636)",1,1.9,100.0,TURN_RIGHT,58.3,80.2,11.5,TURN RIGHT
2026-10-02T23:45:40.366,6,person,0.863,"(2, 78, 1017, 636)",1,1.9,100.0,TURN_RIGHT,58.8,80.3,11.0,TURN RIGHT
2026-10-02T23:45:40.463,6,person,0.876,"(2, 90, 1028, 622)",2,1.9,100.0,TURN_LEFT,25.5,74.5,44.4,TURN LEFT
2026-10-02T23:45:40.565,6,person,0.900,"(0, 99, 1075, 613)",2,1.9,100.0,TURN_LEFT,1.6,70.3,68.4,TURN LEFT
2026-10-02T23:45:40.667,6,person,0.914,"(0, 106, 1058, 607)",2,2.0,100.0,TURN_LEFT,-15.7,54.2,72.7,TURN LEFT
2026-10-02T23:45:40.794,6,person,0.926,"(3, 109, 1116, 603)",2,2.0,100.0,TURN_LEFT,-28.1,41.8,74.9,TURN LEFT
2026-10-02T23:45:40.884,6,person,0.918,"(2, 109, 1075, 603)",2,2.0,100.0,TURN_LEFT,-37.0,32.9,76.5,TURN LEFT
2026-10-02T23:45:40.978,6,person,0.918,"(2, 109, 1075, 603)",2,2.0,100.0,TURN_LEFT,-43.5,26.4,77.6,TURN LEFT
2026-10-02T23:45:41.145,6,person,0.900,"(4, 114, 1098, 599)",2,2.0,100.0,TURN_LEFT,-48.1,21.7,78.4,TURN LEFT
2026-10-02T23:45:41.266,6,person,0.888,"(4, 114, 1139, 599)",2,2.0,100.0,TURN_LEFT,-51.4,18.4,79.0,TURN LEFT
2026-10-02T23:45:41.352,6,person,0.888,"(4, 114, 1139, 599)",2,2.0,100.0,TURN_LEFT,-53.8,16.0,79.4,TURN LEFT
2026-10-02T23:45:41.445,6,person,0.875,"(7, 117, 1163, 596)",2,2.0,100.0,TURN_LEFT,-55.6,14.2,79.7,TURN LEFT
2026-10-02T23:45:41.537,6,person,0.900,"(24, 117, 1192, 596)",2,2.0,100.0,TURN_LEFT,-56.8,13.0,79.9,TURN LEFT
2026-10-02T23:45:41.624,6,person,0.883,"(25, 118, 1179, 596)",2,2.0,100.0,TURN_LEFT,-57.7,12.1,80.1,TURN LEFT
2026-10-02T23:45:41.720,6,person,0.880,"(12, 118, 1162, 595)",2,2.0,100.0,TURN_LEFT,-58.3,11.5,80.2,TURN LEFT
2026-10-02T23:45:41.813,6,person,0.898,"(21, 116, 1202, 598)",2,2.0,100.0,TURN_LEFT,-58.8,11.0,80.3,TURN LEFT
2026-10-02T23:45:41.910,6,person,0.903,"(10, 118, 1218, 595)",2,2.0,100.0,TURN_LEFT,-59.1,10.7,80.3,TURN LEFT
2026-10-02T23:45:42.002,6,person,0.903,"(3, 113, 1113, 599)",2,2.0,100.0,TURN_LEFT,-59.4,10.4,80.4,TURN LEFT
2026-10-02T23:45:42.097,6,person,0.902,"(4, 114, 1094, 599)",2,2.0,100.0,TURN_LEFT,-59.6,10.2,80.4,TURN LEFT
2026-10-02T23:45:42.193,6,person,0.886,"(3, 112, 1108, 600)",2,2.0,100.0,TURN_LEFT,-59.7,10.1,80.4,TURN LEFT
2026-10-02T23:45:42.288,6,person,0.892,"(3, 111, 1103, 602)",2,2.0,100.0,TURN_LEFT,-59.8,10.0,80.5,TURN LEFT
2026-10-02T23:45:42.387,6,person,0.902,"(5, 111, 1127, 602)",2,2.0,100.0,TURN_LEFT,-59.8,10.0,80.5,TURN LEFT
2026-10-02T23:45:42.486,6,person,0.883,"(4, 112, 1142, 600)",2,2.0,100.0,TURN_LEFT,-59.9,9.9,80.5,TURN LEFT
2026-10-02T23:45:42.578,6,person,0.880,"(2, 111, 1103, 602)",2,2.0,100.0,TURN_LEFT,-59.9,9.9,80.5,TURN LEFT
2026-10-02T23:45:42.675,6,person,0.888,"(3, 112, 1113, 601)",2,2.0,100.0,TURN_LEFT,-59.9,9.9,80.5,TURN LEFT
2026-10-02T23:45:42.770,6,person,0.898,"(3, 113, 1111, 601)",2,2.0,100.0,TURN_LEFT,-60.0,9.8,80.5,TURN LEFT
2026-10-02T23:45:42.861,6,person,0.896,"(2, 112, 1117, 602)",2,2.0,100.0,TURN_LEFT,-60.0,9.8,80.5,TURN LEFT
2026-10-02T23:45:42.945,6,person,0.867,"(0, 111, 1086, 603)",2,2.0,100.0,TURN_LEFT,-60.0,9.8,80.5,TURN LEFT
2026-10-02T23:45:43.035,6,person,0.867,"(0, 111, 1086, 603)",2,2.0,100.0,TURN_LEFT,-60.0,9.8,80.5,TURN LEFT
2026-10-02T23:45:43.128,6,person,0.887,"(3, 105, 1111, 610)",2,2.0,100.0,TURN_LEFT,-60.0,9.8,80.5,TURN LEFT
2026-10-02T23:45:43.232,6,person,0.887,"(3, 105, 1111, 610)",2,2.0,100.0,TURN_LEFT,-60.0,9.8,80.5,TURN LEFT
2026-10-02T23:45:43.329,6,person,0.880,"(0, 105, 1089, 608)",2,2.0,100.0,TURN_LEFT,-60.0,9.8,80.5,TURN LEFT
2026-10-02T23:45:43.422,6,person,0.883,"(0, 105, 1078, 608)",2,2.0,100.0,TURN_LEFT,-60.0,9.8,80.5,TURN LEFT
2026-10-02T23:45:43.540,6,person,0.888,"(0, 105, 1076, 608)",2,2.0,100.0,TURN_LEFT,-60.0,9.8,80.5,TURN LEFT
2026-10-02T23:45:43.671,6,person,0.868,"(0, 105, 1095, 609)",2,2.0,100.0,TURN_LEFT,-60.0,9.8,80.5,TURN LEFT
2026-10-02T23:45:43.834,6,person,0.895,"(0, 105, 1070, 609)",2,2.0,100.0,TURN_LEFT,-60.0,9.8,80.5,TURN LEFT
2026-10-02T23:45:43.951,6,person,0.897,"(0, 105, 1075, 608)",2,2.0,100.0,TURN_LEFT,-60.0,9.8,80.5,TURN LEFT
2026-10-02T23:45:44.073,6,person,0.909,"(0, 102, 1052, 611)",2,1.9,100.0,TURN_LEFT,-60.0,9.8,80.5,TURN LEFT
2026-10-02T23:45:44.163,6,person,0.909,"(0, 102, 1052, 611)",2,1.9,100.0,TURN_LEFT,-60.0,9.8,80.5,TURN LEFT
2026-10-02T23:45:44.263,6,person,0.875,"(0, 90, 1061, 627)",2,1.9,100.0,TURN_LEFT,-60.0,9.8,80.5,TURN LEFT
2026-10-02T23:45:44.348,6,person,0.879,"(1, 89, 1037, 627)",2,1.9,100.0,TURN_LEFT,-60.0,9.8,80.5,TURN LEFT
2026-10-02T23:45:44.443,6,person,0.876,"(0, 90, 1039, 626)",2,1.9,100.0,TURN_LEFT,-60.0,9.8,80.5,TURN LEFT
2026-10-02T23:45:44.532,6,person,0.885,"(1, 89, 1046, 627)",2,1.9,100.0,TURN_LEFT,-60.0,9.8,80.5,TURN LEFT
2026-10-02T23:45:44.627,6,person,0.885,"(1, 89, 1046, 627)",2,1.9,100.0,TURN_LEFT,-60.0,9.8,80.5,TURN LEFT
2026-10-02T23:45:44.723,6,person,0.875,"(0, 92, 1046, 624)",2,1.9,100.0,TURN_LEFT,-60.0,9.8,80.5,TURN LEFT
2026-10-02T23:45:44.818,6,person,0.875,"(0, 92, 1046, 624)",2,1.9,100.0,TURN_LEFT,-60.0,9.8,80.5,TURN LEFT
2026-10-02T23:45:44.908,6,person,0.877,"(2, 90, 1038, 627)",2,1.9,100.0,TURN_LEFT,-60.0,9.8,80.5,TURN LEFT
2026-10-02T23:45:45.004,6,person,0.875,"(1, 89, 1043, 627)",2,1.9,100.0,TURN_LEFT,-60.0,9.8,80.5,TURN LEFT
2026-10-02T23:45:45.091,6,person,0.875,"(1, 89, 1043, 627)",2,1.9,100.0,TURN_LEFT,-60.0,9.8,80.5,TURN LEFT
2026-10-02T23:45:45.189,6,person,0.890,"(1, 88, 1042, 629)",2,1.9,100.0,TURN_LEFT,-60.0,9.8,80.5,TURN LEFT
2026-10-02T23:45:45.286,6,person,0.875,"(1, 85, 1044, 631)",2,1.9,100.0,TURN_LEFT,-60.0,9.8,80.5,TURN LEFT
2026-10-02T23:45:45.376,6,person,0.864,"(2, 87, 1056, 630)",2,1.9,100.0,TURN_LEFT,-60.0,9.8,80.5,TURN LEFT
2026-10-02T23:45:45.476,6,person,0.859,"(1, 94, 1015, 619)",1,1.9,100.0,TURN_RIGHT,-26.4,43.5,74.6,TURN RIGHT
2026-10-02T23:45:45.571,6,person,0.878,"(1, 87, 1043, 630)",2,1.9,100.0,TURN_LEFT,-35.8,34.1,76.3,TURN RIGHT
2026-10-02T23:45:45.660,6,person,0.859,"(1, 88, 1057, 628)",2,1.9,100.0,TURN_LEFT,-42.6,27.3,77.5,TURN RIGHT
2026-10-02T23:45:45.758,6,person,0.868,"(1, 89, 1054, 627)",2,1.9,100.0,TURN_LEFT,-47.5,22.3,78.3,TURN RIGHT
2026-10-02T23:45:45.852,6,person,0.878,"(2, 89, 1052, 628)",2,1.9,100.0,TURN_LEFT,-51.0,18.8,78.9,TURN LEFT
2026-10-02T23:45:45.946,6,person,0.877,"(2, 90, 1047, 626)",2,1.9,100.0,TURN_LEFT,-53.5,16.3,79.4,TURN LEFT
2026-10-02T23:45:46.032,6,person,0.879,"(2, 89, 1048, 628)",2,1.9,100.0,TURN_LEFT,-55.3,14.5,79.7,TURN LEFT
2026-10-02T23:45:46.138,6,person,0.872,"(1, 87, 1032, 629)",2,1.9,100.0,TURN_LEFT,-56.6,13.2,79.9,TURN LEFT
2026-10-02T23:45:46.226,6,person,0.880,"(1, 89, 1048, 628)",2,1.9,100.0,TURN_LEFT,-57.6,12.2,80.1,TURN LEFT
2026-10-02T23:45:46.323,6,person,0.880,"(1, 87, 1048, 628)",2,1.9,100.0,TURN_LEFT,-58.3,11.5,80.2,TURN LEFT
2026-10-02T23:45:46.416,6,person,0.872,"(1, 87, 1034, 628)",2,1.9,100.0,TURN_LEFT,-58.7,11.1,80.3,TURN LEFT
2026-10-02T23:45:46.509,6,person,0.872,"(1, 87, 1034, 628)",2,1.9,100.0,TURN_LEFT,-59.1,10.7,80.3,TURN LEFT
2026-10-02T23:45:46.600,6,person,0.880,"(3, 87, 1018, 626)",2,1.9,100.0,TURN_LEFT,-59.3,10.5,80.4,TURN LEFT
2026-10-02T23:45:46.689,6,person,0.861,"(1, 85, 1000, 629)",1,1.9,100.0,TURN_RIGHT,-25.9,44.0,74.5,TURN RIGHT
2026-10-02T23:45:46.792,6,person,0.869,"(0, 81, 943, 633)",1,1.9,100.0,TURN_RIGHT,-1.9,68.1,70.3,TURN RIGHT
2026-10-02T23:45:46.877,6,person,0.864,"(2, 88, 998, 626)",1,1.9,100.0,TURN_RIGHT,15.5,72.7,54.4,TURN RIGHT
2026-10-02T23:45:46.973,6,person,0.864,"(2, 88, 998, 626)",1,1.9,100.0,TURN_RIGHT,27.9,74.9,42.0,TURN RIGHT
2026-10-02T23:45:47.064,6,person,0.879,"(1, 90, 1001, 624)",1,1.9,100.0,TURN_RIGHT,36.9,76.5,33.0,TURN RIGHT
2026-10-02T23:45:47.159,6,person,0.875,"(2, 89, 1001, 626)",1,1.9,100.0,TURN_RIGHT,43.4,77.6,26.5,TURN RIGHT
2026-10-02T23:45:47.255,6,person,0.878,"(2, 87, 999, 627)",1,1.9,100.0,TURN_RIGHT,48.0,78.4,21.8,TURN RIGHT
2026-10-02T23:45:47.353,6,person,0.866,"(1, 89, 997, 625)",1,1.9,100.0,TURN_RIGHT,51.4,79.0,18.4,TURN RIGHT
2026-10-02T23:45:47.445,6,person,0.866,"(1, 86, 1005, 628)",1,1.9,100.0,TURN_RIGHT,53.8,79.4,16.0,TURN RIGHT
2026-10-02T23:45:47.542,6,person,0.879,"(2, 86, 999, 628)",1,1.9,100.0,TURN_RIGHT,55.5,79.7,14.3,TURN RIGHT
2026-10-02T23:45:47.630,6,person,0.872,"(1, 90, 997, 624)",1,1.9,100.0,TURN_RIGHT,56.8,79.9,13.0,TURN RIGHT
2026-10-02T23:45:47.722,6,person,0.861,"(2, 89, 998, 625)",1,1.9,100.0,TURN_RIGHT,57.7,80.1,12.1,TURN RIGHT
2026-10-02T23:45:47.818,6,person,0.865,"(2, 87, 998, 627)",1,1.9,100.0,TURN_RIGHT,58.3,80.2,11.5,TURN RIGHT
2026-10-02T23:45:47.920,6,person,0.865,"(2, 87, 998, 627)",1,1.9,100.0,TURN_RIGHT,58.8,80.3,11.0,TURN RIGHT
2026-10-02T23:45:48.014,6,person,0.891,"(2, 88, 1006, 627)",1,1.9,100.0,TURN_RIGHT,59.1,80.3,10.7,TURN RIGHT
2026-10-02T23:45:48.100,6,person,0.871,"(2, 88, 1001, 625)",1,1.9,100.0,TURN_RIGHT,59.4,80.4,10.4,TURN RIGHT
2026-10-02T23:45:48.200,6,person,0.873,"(3, 86, 1017, 628)",1,1.9,100.0,TURN_RIGHT,59.6,80.4,10.2,TURN RIGHT
2026-10-02T23:45:48.307,6,person,0.891,"(3, 87, 1006, 627)",1,1.9,100.0,TURN_RIGHT,59.7,80.4,10.1,TURN RIGHT
2026-10-02T23:45:48.451,6,person,0.892,"(4, 88, 998, 625)",1,1.9,100.0,TURN_RIGHT,59.8,80.5,10.0,TURN RIGHT
2026-10-02T23:45:48.609,6,person,0.878,"(4, 87, 1013, 627)",1,1.9,100.0,TURN_RIGHT,59.8,80.5,10.0,TURN RIGHT
2026-10-02T23:45:48.744,6,person,0.888,"(3, 89, 1025, 625)",2,1.9,100.0,TURN_LEFT,26.3,74.6,43.6,TURN LEFT
2026-10-02T23:45:48.870,6,person,0.892,"(3, 89, 1019, 625)",2,1.9,100.0,TURN_LEFT,2.1,70.4,67.9,TURN LEFT
2026-10-02T23:45:48.990,6,person,0.885,"(3, 90, 1015, 624)",1,1.9,100.0,TURN_RIGHT,18.3,73.2,51.6,TURN LEFT
2026-10-02T23:45:49.082,6,person,0.871,"(3, 90, 1014, 623)",1,1.9,100.0,TURN_RIGHT,30.0,75.2,39.9,TURN LEFT
2026-10-02T23:45:49.183,6,person,0.871,"(3, 90, 1014, 623)",1,1.9,100.0,TURN_RIGHT,38.4,76.7,31.5,TURN RIGHT
2026-10-02T23:45:49.269,6,person,0.881,"(2, 90, 1028, 623)",2,1.9,100.0,TURN_LEFT,10.8,71.9,59.2,TURN RIGHT
2026-10-02T23:45:49.365,6,person,0.874,"(2, 86, 1019, 627)",1,1.9,100.0,TURN_RIGHT,24.6,74.3,45.3,TURN RIGHT
2026-10-02T23:45:49.459,6,person,0.874,"(3, 88, 1014, 625)",1,1.9,100.0,TURN_RIGHT,34.5,76.0,35.4,TURN RIGHT
2026-10-02T23:45:49.552,6,person,0.880,"(3, 87, 1020, 626)",2,1.9,100.0,TURN_LEFT,8.1,71.4,61.9,TURN LEFT
2026-10-02T23:45:49.645,6,person,0.880,"(3, 87, 1020, 626)",2,1.9,100.0,TURN_LEFT,-11.0,59.0,71.9,TURN LEFT
2026-10-02T23:45:49.738,6,person,0.893,"(3, 87, 1009, 626)",1,1.9,100.0,TURN_RIGHT,8.9,71.6,61.1,TURN LEFT
2026-10-02T23:45:49.834,6,person,0.877,"(2, 86, 1022, 627)",2,1.9,100.0,TURN_LEFT,-10.4,59.6,71.8,TURN LEFT
2026-10-02T23:45:49.928,6,person,0.888,"(2, 91, 1019, 622)",1,1.9,100.0,TURN_RIGHT,9.3,71.6,60.7,TURN RIGHT
2026-10-02T23:45:50.020,6,person,0.872,"(3, 89, 1020, 625)",2,1.9,100.0,TURN_LEFT,-10.1,59.9,71.8,TURN RIGHT
2026-10-02T23:45:50.109,6,person,0.880,"(2, 89, 1020, 624)",2,1.9,100.0,TURN_LEFT,-24.1,45.8,74.2,TURN RIGHT
2026-10-02T23:45:50.223,6,person,0.880,"(2, 89, 1020, 624)",2,1.9,100.0,TURN_LEFT,-34.1,35.8,76.0,TURN RIGHT
2026-10-02T23:45:50.304,6,person,0.887,"(2, 89, 1020, 624)",2,1.9,100.0,TURN_LEFT,-41.4,28.5,77.2,TURN LEFT
2026-10-02T23:45:50.397,6,person,0.893,"(3, 90, 1022, 623)",2,1.9,100.0,TURN_LEFT,-46.6,23.2,78.2,TURN LEFT
2026-10-02T23:45:50.518,6,person,0.874,"(3, 88, 997, 625)",1,1.9,100.0,TURN_RIGHT,-16.7,53.2,72.9,TURN LEFT
2026-10-02T23:45:50.676,6,person,0.884,"(3, 90, 1005, 623)",1,1.9,100.0,TURN_RIGHT,4.7,70.8,65.3,TURN RIGHT
2026-10-02T23:45:50.783,6,person,0.889,"(3, 89, 1021, 624)",2,1.9,100.0,TURN_LEFT,-13.4,56.6,72.3,TURN RIGHT
2026-10-02T23:45:50.875,6,person,0.872,"(3, 91, 1022, 622)",2,1.9,100.0,TURN_LEFT,-26.4,43.5,74.6,TURN RIGHT
2026-10-02T23:45:50.964,6,person,0.872,"(3, 91, 1022, 622)",2,1.9,100.0,TURN_LEFT,-35.8,34.1,76.3,TURN RIGHT
2026-10-02T23:45:51.048,6,person,0.889,"(3, 91, 1021, 623)",2,1.9,100.0,TURN_LEFT,-42.6,27.3,77.5,TURN LEFT
2026-10-02T23:45:51.140,6,person,0.891,"(3, 90, 1022, 623)",2,1.9,100.0,TURN_LEFT,-47.5,22.3,78.3,TURN LEFT
2026-10-02T23:45:51.236,6,person,0.892,"(3, 88, 1013, 626)",1,1.9,100.0,TURN_RIGHT,-17.4,52.5,73.0,TURN LEFT
2026-10-02T23:45:51.323,6,person,0.884,"(2, 89, 1025, 624)",2,1.9,100.0,TURN_LEFT,-29.3,40.6,75.1,TURN LEFT
2026-10-02T23:45:51.423,6,person,0.884,"(2, 89, 1025, 624)",2,1.9,100.0,TURN_LEFT,-37.9,32.0,76.6,TURN LEFT
2026-10-02T23:45:51.519,6,person,0.890,"(3, 88, 1017, 625)",1,1.9,100.0,TURN_RIGHT,-10.5,59.5,71.8,TURN RIGHT
2026-10-02T23:45:51.616,6,person,0.898,"(3, 88, 1021, 626)",2,1.9,100.0,TURN_LEFT,-24.4,45.5,74.3,TURN RIGHT
2026-10-02T23:45:51.705,6,person,0.885,"(3, 90, 1033, 623)",2,1.9,100.0,TURN_LEFT,-34.3,35.6,76.0,TURN RIGHT
2026-10-02T23:45:51.800,6,person,0.879,"(3, 89, 1024, 624)",2,1.9,100.0,TURN_LEFT,-41.5,28.4,77.3,TURN RIGHT
2026-10-02T23:45:51.893,6,person,0.879,"(3, 89, 1024, 624)",2,1.9,100.0,TURN_LEFT,-46.7,23.1,78.2,TURN LEFT
2026-10-02T23:45:52.004,6,person,0.882,"(3, 89, 1010, 624)",1,1.9,100.0,TURN_RIGHT,-16.8,53.1,72.9,TURN LEFT
2026-10-02T23:45:52.105,6,person,0.889,"(3, 90, 1025, 623)",2,1.9,100.0,TURN_LEFT,-28.9,41.0,75.1,TURN LEFT
2026-10-02T23:45:52.241,6,person,0.882,"(3, 89, 1001, 625)",1,1.9,100.0,TURN_RIGHT,-4.0,66.0,70.7,TURN LEFT
2026-10-02T23:45:52.338,6,person,0.886,"(2, 90, 1022, 623)",2,1.9,100.0,TURN_LEFT,-19.7,50.2,73.4,TURN LEFT
2026-10-02T23:45:52.425,6,person,0.889,"(3, 90, 1021, 623)",2,1.9,100.0,TURN_LEFT,-31.0,38.9,75.4,TURN LEFT
2026-10-02T23:45:52.514,6,person,0.889,"(3, 90, 1021, 623)",2,1.9,100.0,TURN_LEFT,-39.1,30.8,76.8,TURN LEFT
2026-10-02T23:45:52.595,6,person,0.891,"(2, 89, 1022, 624)",2,1.9,100.0,TURN_LEFT,-45.0,24.8,77.9,TURN LEFT
2026-10-02T23:45:52.700,6,person,0.894,"(3, 90, 1013, 624)",1,1.9,100.0,TURN_RIGHT,-15.6,54.3,72.7,TURN RIGHT
2026-10-02T23:45:52.781,6,person,0.894,"(3, 90, 1020, 624)",2,1.9,100.0,TURN_LEFT,-28.0,41.9,74.9,TURN RIGHT
2026-10-02T23:45:52.874,6,person,0.891,"(3, 90, 1015, 623)",1,1.9,100.0,TURN_RIGHT,-3.4,66.6,70.6,TURN RIGHT
2026-10-02T23:45:52.976,6,person,0.891,"(3, 90, 1015, 623)",1,1.9,100.0,TURN_RIGHT,14.4,72.5,55.6,TURN RIGHT
2026-10-02T23:45:53.066,6,person,0.887,"(3, 89, 1016, 624)",1,1.9,100.0,TURN_RIGHT,27.2,74.8,42.7,TURN RIGHT
2026-10-02T23:45:53.160,6,person,0.872,"(3, 89, 1004, 624)",1,1.9,100.0,TURN_RIGHT,36.3,76.4,33.6,TURN RIGHT
2026-10-02T23:45:53.257,6,person,0.903,"(4, 89, 1008, 624)",1,1.9,100.0,TURN_RIGHT,43.0,77.5,26.9,TURN RIGHT
2026-10-02T23:45:53.349,6,person,0.886,"(3, 90, 1016, 623)",1,1.9,100.0,TURN_RIGHT,47.7,78.3,22.1,TURN RIGHT
2026-10-02T23:45:53.446,6,person,0.886,"(3, 90, 1016, 623)",1,1.9,100.0,TURN_RIGHT,51.2,79.0,18.6,TURN RIGHT
2026-10-02T23:45:53.552,6,person,0.898,"(3, 91, 1014, 622)",1,1.9,100.0,TURN_RIGHT,53.6,79.4,16.2,TURN RIGHT
2026-10-02T23:45:53.678,6,person,0.877,"(3, 90, 1024, 623)",2,1.9,100.0,TURN_LEFT,21.8,73.8,48.1,TURN LEFT
2026-10-02T23:45:53.823,6,person,0.886,"(3, 89, 1010, 624)",1,1.9,100.0,TURN_RIGHT,32.5,75.7,37.4,TURN LEFT
2026-10-02T23:45:53.952,6,person,0.885,"(3, 91, 1024, 622)",2,1.9,100.0,TURN_LEFT,6.6,71.2,63.4,TURN LEFT
2026-10-02T23:45:54.082,6,person,0.900,"(3, 91, 1011, 623)",1,1.9,100.0,TURN_RIGHT,21.6,73.8,48.3,TURN RIGHT
2026-10-02T23:45:54.220,6,person,0.888,"(4, 91, 1017, 623)",2,1.9,100.0,TURN_LEFT,-1.3,68.7,70.2,TURN RIGHT
2026-10-02T23:45:54.334,6,person,0.887,"(3, 89, 1027, 625)",2,1.9,100.0,TURN_LEFT,-17.7,52.2,73.1,TURN RIGHT
2026-10-02T23:45:54.429,6,person,0.901,"(4, 90, 1019, 624)",2,1.9,100.0,TURN_LEFT,-29.6,40.3,75.2,TURN RIGHT
2026-10-02T23:45:54.534,6,person,0.892,"(3, 91, 1001, 622)",1,1.9,100.0,TURN_RIGHT,-4.5,65.5,70.8,TURN RIGHT
2026-10-02T23:45:54.629,6,person,0.898,"(4, 91, 1018, 622)",2,1.9,100.0,TURN_LEFT,-20.0,49.9,73.5,TURN LEFT
2026-10-02T23:45:54.736,6,person,0.898,"(4, 91, 1018, 622)",2,1.9,100.0,TURN_LEFT,-31.2,38.7,75.5,TURN LEFT
2026-10-02T23:45:54.862,6,person,0.895,"(3, 90, 1018, 624)",2,1.9,100.0,TURN_LEFT,-39.3,30.6,76.9,TURN LEFT
2026-10-02T23:45:55.032,6,person,0.888,"(3, 90, 1021, 623)",2,1.9,100.0,TURN_LEFT,-45.1,24.7,77.9,TURN LEFT
2026-10-02T23:45:55.128,6,person,0.883,"(3, 91, 1015, 622)",1,1.9,100.0,TURN_RIGHT,-15.7,54.2,72.7,TURN RIGHT
2026-10-02T23:45:55.226,6,person,0.883,"(3, 91, 1015, 622)",1,1.9,100.0,TURN_RIGHT,5.5,71.0,64.5,TURN RIGHT
2026-10-02T23:45:55.319,6,person,0.890,"(4, 90, 1015, 623)",1,1.9,100.0,TURN_RIGHT,20.8,73.6,49.1,TURN RIGHT
2026-10-02T23:45:55.407,6,person,0.900,"(3, 91, 1013, 622)",1,1.9,100.0,TURN_RIGHT,31.8,75.6,38.1,TURN RIGHT
2026-10-02T23:45:55.502,6,person,0.880,"(4, 88, 1014, 625)",1,1.9,100.0,TURN_RIGHT,39.7,76.9,30.2,TURN RIGHT
2026-10-02T23:45:55.593,6,person,0.880,"(4, 88, 1014, 625)",1,1.9,100.0,TURN_RIGHT,45.4,77.9,24.4,TURN RIGHT
2026-10-02T23:45:55.692,6,person,0.893,"(3, 91, 1015, 622)",1,1.9,100.0,TURN_RIGHT,49.5,78.7,20.3,TURN RIGHT
2026-10-02T23:45:55.789,6,person,0.882,"(3, 91, 1028, 622)",2,1.9,100.0,TURN_LEFT,18.8,73.3,51.1,TURN LEFT
2026-10-02T23:45:55.874,6,person,0.881,"(3, 91, 1019, 622)",2,1.9,100.0,TURN_LEFT,-3.3,66.7,70.6,TURN LEFT
2026-10-02T23:45:55.972,6,person,0.890,"(4, 91, 1012, 622)",1,1.9,100.0,TURN_RIGHT,14.5,72.5,55.5,TURN LEFT
2026-10-02T23:45:56.068,6,person,0.896,"(4, 89, 1023, 624)",2,1.9,100.0,TURN_LEFT,-6.4,63.6,71.1,TURN LEFT
2026-10-02T23:45:56.160,6,person,0.896,"(4, 89, 1023, 624)",2,1.9,100.0,TURN_LEFT,-21.4,48.5,73.7,TURN LEFT
2026-10-02T23:45:56.254,6,person,0.877,"(4, 90, 1021, 623)",2,1.9,100.0,TURN_LEFT,-32.2,37.7,75.6,TURN LEFT
2026-10-02T23:45:56.350,6,person,0.876,"(4, 91, 1014, 622)",1,1.9,100.0,TURN_RIGHT,-6.4,63.6,71.1,TURN RIGHT
2026-10-02T23:45:56.443,6,person,0.896,"(4, 90, 1017, 623)",2,1.9,100.0,TURN_LEFT,-21.4,48.5,73.7,TURN RIGHT
2026-10-02T23:45:56.538,6,person,0.896,"(4, 89, 1013, 624)",1,1.9,100.0,TURN_RIGHT,1.4,70.2,68.6,TURN RIGHT
2026-10-02T23:45:56.632,6,person,0.896,"(4, 89, 1013, 624)",1,1.9,100.0,TURN_RIGHT,17.8,73.1,52.1,TURN RIGHT
2026-10-02T23:45:56.727,6,person,0.887,"(3, 89, 1023, 624)",2,1.9,100.0,TURN_LEFT,-4.0,66.0,70.7,TURN LEFT
2026-10-02T23:45:56.814,6,person,0.877,"(4, 91, 1025, 622)",2,1.9,100.0,TURN_LEFT,-19.7,50.2,73.4,TURN LEFT
2026-10-02T23:45:56.913,6,person,0.886,"(3, 92, 1021, 622)",2,1.9,100.0,TURN_LEFT,-31.0,38.9,75.4,TURN LEFT
2026-10-02T23:45:57.004,6,person,0.880,"(4, 88, 1014, 625)",1,1.9,100.0,TURN_RIGHT,-5.5,64.5,71.0,TURN LEFT
2026-10-02T23:45:57.103,6,person,0.880,"(4, 88, 1014, 625)",1,1.9,100.0,TURN_RIGHT,12.8,72.2,57.2,TURN RIGHT
2026-10-02T23:45:57.193,6,person,0.892,"(3, 87, 1010, 626)",1,1.9,100.0,TURN_RIGHT,26.0,74.5,43.9,TURN RIGHT
2026-10-02T23:45:57.288,6,person,0.875,"(3, 90, 1024, 623)",2,1.9,100.0,TURN_LEFT,2.0,70.3,68.0,TURN RIGHT
2026-10-02T23:45:57.378,6,person,0.893,"(3, 90, 1006, 623)",1,1.9,100.0,TURN_RIGHT,18.2,73.2,51.7,TURN RIGHT
2026-10-02T23:45:57.479,6,person,0.886,"(4, 91, 1023, 622)",2,1.9,100.0,TURN_LEFT,-3.7,66.3,70.6,TURN LEFT
2026-10-02T23:45:57.572,6,person,0.886,"(4, 91, 1023, 622)",2,1.9,100.0,TURN_LEFT,-19.5,50.4,73.4,TURN LEFT
2026-10-02T23:45:57.659,6,person,0.883,"(3, 91, 1012, 623)",1,1.9,100.0,TURN_RIGHT,2.8,70.5,67.2,TURN LEFT
2026-10-02T23:45:57.757,6,person,0.897,"(3, 91, 1012, 622)",1,1.9,100.0,TURN_RIGHT,18.8,73.3,51.1,TURN LEFT
2026-10-02T23:45:57.848,6,person,0.896,"(3, 93, 1018, 621)",2,1.9,100.0,TURN_LEFT,-3.3,66.7,70.6,TURN LEFT
2026-10-02T23:45:57.969,6,person,0.890,"(3, 92, 1021, 621)",2,1.9,100.0,TURN_LEFT,-19.1,50.8,73.3,TURN LEFT
2026-10-02T23:45:58.148,6,person,0.879,"(3, 91, 1008, 622)",1,1.9,100.0,TURN_RIGHT,3.0,70.5,67.0,TURN RIGHT
2026-10-02T23:45:58.267,6,person,0.902,"(4, 89, 1007, 624)",1,1.9,100.0,TURN_RIGHT,19.0,73.3,50.9,TURN RIGHT
2026-10-02T23:45:58.386,6,person,0.890,"(3, 89, 1009, 625)",1,1.9,100.0,TURN_RIGHT,30.5,75.3,39.4,TURN RIGHT
2026-10-02T23:45:58.523,6,person,0.880,"(3, 89, 1018, 624)",2,1.9,100.0,TURN_LEFT,5.1,70.9,64.9,TURN LEFT
2026-10-02T23:45:58.611,6,person,0.895,"(4, 91, 1009, 622)",1,1.9,100.0,TURN_RIGHT,20.5,73.6,49.4,TURN LEFT
2026-10-02T23:45:58.704,6,person,0.895,"(4, 91, 1009, 622)",1,1.9,100.0,TURN_RIGHT,31.6,75.5,38.3,TURN LEFT
2026-10-02T23:45:58.790,6,person,0.888,"(4, 90, 1015, 624)",1,1.9,100.0,TURN_RIGHT,39.5,76.9,30.4,TURN LEFT
2026-10-02T23:45:58.884,6,person,0.804,"(0, 90, 1070, 621)",2,1.9,100.0,TURN_LEFT,11.7,72.0,58.3,TURN LEFT
2026-10-02T23:45:58.988,6,person,0.492,"(3, 106, 1041, 605)",2,2.0,100.0,TURN_LEFT,-8.4,61.6,71.5,TURN LEFT
2026-10-02T23:45:59.092,6,person,0.855,"(23, 128, 1176, 583)",2,2.0,100.0,TURN_LEFT,-22.9,47.0,74.0,TURN LEFT
2026-10-02T23:45:59.223,6,person,0.885,"(39, 125, 1212, 587)",2,2.0,100.0,TURN_LEFT,-33.3,36.6,75.8,TURN LEFT
2026-10-02T23:45:59.334,6,person,0.885,"(39, 125, 1212, 587)",2,2.0,100.0,TURN_LEFT,-40.7,29.2,77.1,TURN LEFT
2026-10-02T23:45:59.503,6,person,0.850,"(57, 135, 1188, 577)",2,2.1,100.0,TURN_LEFT,-46.1,23.7,78.1,TURN LEFT
2026-10-02T23:45:59.626,6,person,0.856,"(92, 134, 1149, 578)",2,2.1,100.0,TURN_LEFT,-50.0,19.8,78.8,TURN LEFT
2026-10-02T23:45:59.734,6,person,0.898,"(112, 130, 1144, 583)",2,2.0,100.0,TURN_LEFT,-52.8,17.0,79.2,TURN LEFT
2026-10-02T23:45:59.823,6,person,0.874,"(125, 129, 1137, 585)",2,2.0,100.0,TURN_LEFT,-54.8,15.0,79.6,TURN LEFT
2026-10-02T23:45:59.908,6,person,0.842,"(155, 130, 1103, 583)",2,2.0,100.0,TURN_LEFT,-56.3,13.5,79.9,TURN LEFT
2026-10-02T23:45:59.999,6,person,0.834,"(155, 130, 1109, 583)",2,2.0,100.0,TURN_LEFT,-57.3,12.5,80.0,TURN LEFT
2026-10-02T23:46:00.107,6,person,0.858,"(138, 130, 1124, 584)",2,2.0,100.0,TURN_LEFT,-58.1,11.7,80.2,TURN LEFT
2026-10-02T23:46:00.199,6,person,0.858,"(138, 130, 1124, 584)",2,2.0,100.0,TURN_LEFT,-58.6,11.2,80.3,TURN LEFT
2026-10-02T23:46:00.292,6,person,0.856,"(151, 127, 1113, 585)",2,2.0,100.0,TURN_LEFT,-59.0,10.8,80.3,TURN LEFT
2026-10-02T23:46:00.379,6,person,0.873,"(148, 124, 1110, 589)",2,2.0,100.0,TURN_LEFT,-59.3,10.5,80.4,TURN LEFT
2026-10-02T23:46:00.476,6,person,0.846,"(102, 127, 1151, 584)",2,2.0,100.0,TURN_LEFT,-59.5,10.3,80.4,TURN LEFT
2026-10-02T23:46:00.572,6,person,0.812,"(116, 131, 1137, 581)",2,2.0,100.0,TURN_LEFT,-59.6,10.2,80.4,TURN LEFT
2026-10-02T23:46:00.659,6,person,0.812,"(116, 131, 1137, 581)",2,2.0,100.0,TURN_LEFT,-59.7,10.1,80.4,TURN LEFT
2026-10-02T23:46:00.759,6,person,0.849,"(95, 139, 1156, 575)",2,2.1,100.0,TURN_LEFT,-59.8,10.0,80.5,TURN LEFT
2026-10-02T23:46:00.845,6,person,0.828,"(90, 141, 1155, 572)",2,2.1,100.0,TURN_LEFT,-59.9,9.9,80.5,TURN LEFT
2026-10-02T23:46:00.941,6,person,0.838,"(83, 139, 1164, 574)",2,2.1,100.0,TURN_LEFT,-59.9,9.9,80.5,TURN LEFT
2026-10-02T23:46:01.035,6,person,0.843,"(104, 141, 1145, 573)",2,2.1,100.0,TURN_LEFT,-59.9,9.9,80.5,TURN LEFT
2026-10-02T23:46:01.126,6,person,0.842,"(100, 142, 1146, 571)",2,2.1,100.0,TURN_LEFT,-59.9,9.9,80.5,TURN LEFT
2026-10-02T23:46:01.230,6,person,0.831,"(79, 145, 1164, 568)",2,2.1,100.0,TURN_LEFT,-60.0,9.8,80.5,TURN LEFT
2026-10-02T23:46:01.315,6,person,0.837,"(79, 144, 1167, 569)",2,2.1,100.0,TURN_LEFT,-60.0,9.8,80.5,TURN LEFT
2026-10-02T23:46:01.413,6,person,0.871,"(86, 137, 1159, 576)",2,2.1,100.0,TURN_LEFT,-60.0,9.8,80.5,TURN LEFT
2026-10-02T23:46:01.511,6,person,0.851,"(90, 133, 1157, 580)",2,2.1,100.0,TURN_LEFT,-60.0,9.8,80.5,TURN LEFT
2026-10-02T23:46:01.621,6,person,0.851,"(90, 133, 1157, 580)",2,2.1,100.0,TURN_LEFT,-60.0,9.8,80.5,TURN LEFT
2026-10-02T23:46:01.754,6,person,0.872,"(132, 126, 1118, 587)",2,2.0,100.0,TURN_LEFT,-60.0,9.8,80.5,TURN LEFT
2026-10-02T23:46:01.845,6,person,0.849,"(105, 122, 1150, 591)",2,2.0,100.0,TURN_LEFT,-60.0,9.8,80.5,TURN LEFT
2026-10-02T23:46:01.930,6,person,0.872,"(97, 117, 1159, 595)",2,2.0,100.0,TURN_LEFT,-60.0,9.8,80.5,TURN LEFT
2026-10-02T23:46:02.019,6,person,0.873,"(29, 116, 1231, 597)",2,2.0,100.0,TURN_LEFT,-60.0,9.8,80.5,TURN LEFT
2026-10-02T23:46:02.108,6,person,0.856,"(22, 117, 1241, 596)",2,2.0,100.0,TURN_LEFT,-60.0,9.8,80.5,TURN LEFT
2026-10-02T23:46:02.204,6,person,0.864,"(25, 118, 1237, 596)",2,2.0,100.0,TURN_LEFT,-60.0,9.8,80.5,TURN LEFT
2026-10-02T23:46:02.304,6,person,0.869,"(100, 118, 1160, 595)",2,2.0,100.0,TURN_LEFT,-60.0,9.8,80.5,TURN LEFT
2026-10-02T23:46:02.390,6,person,0.861,"(26, 116, 1233, 597)",2,2.0,100.0,TURN_LEFT,-60.0,9.8,80.5,TURN LEFT
2026-10-02T23:46:02.494,6,person,0.833,"(23, 114, 1233, 598)",2,2.0,100.0,TURN_LEFT,-60.0,9.8,80.5,TURN LEFT
2026-10-02T23:46:02.582,6,person,0.833,"(23, 114, 1233, 598)",2,2.0,100.0,TURN_LEFT,-60.0,9.8,80.5,TURN LEFT
2026-10-02T23:46:02.682,6,person,0.847,"(23, 115, 1237, 597)",2,2.0,100.0,TURN_LEFT,-60.0,9.8,80.5,TURN LEFT
2026-10-02T23:46:02.780,6,person,0.847,"(23, 115, 1237, 597)",2,2.0,100.0,TURN_LEFT,-60.0,9.8,80.5,TURN LEFT
2026-10-02T23:46:02.870,6,person,0.840,"(32, 116, 1220, 596)",2,2.0,100.0,TURN_LEFT,-60.0,9.8,80.5,TURN LEFT
2026-10-02T23:46:02.962,6,person,0.830,"(26, 116, 1227, 597)",2,2.0,100.0,TURN_LEFT,-60.0,9.8,80.5,TURN LEFT
2026-10-02T23:46:03.059,6,person,0.830,"(26, 116, 1227, 597)",2,2.0,100.0,TURN_LEFT,-60.0,9.8,80.5,TURN LEFT
2026-10-02T23:46:03.218,6,person,0.826,"(27, 118, 1234, 594)",2,2.0,100.0,TURN_LEFT,-60.0,9.8,80.5,TURN LEFT
2026-10-02T23:46:03.337,6,person,0.850,"(20, 118, 1236, 594)",2,2.0,100.0,TURN_LEFT,-60.0,9.8,80.5,TURN LEFT
2026-10-02T23:46:03.421,6,person,0.816,"(19, 118, 1244, 595)",2,2.0,100.0,TURN_LEFT,-60.0,9.8,80.5,TURN LEFT
2026-10-02T23:46:03.524,6,person,0.831,"(25, 119, 1236, 594)",2,2.0,100.0,TURN_LEFT,-60.0,9.8,80.5,TURN LEFT
2026-10-02T23:46:03.620,6,person,0.808,"(18, 118, 1244, 594)",2,2.0,100.0,TURN_LEFT,-60.0,9.8,80.5,TURN LEFT
2026-10-02T23:46:03.708,6,person,0.868,"(36, 118, 1220, 594)",2,2.0,100.0,TURN_LEFT,-60.0,9.8,80.5,TURN LEFT
2026-10-02T23:46:03.879,6,person,0.868,"(36, 118, 1220, 594)",2,2.0,100.0,TURN_LEFT,-60.0,9.8,80.5,TURN LEFT
2026-10-02T23:46:03.994,6,person,0.848,"(30, 118, 1219, 594)",2,2.0,100.0,TURN_LEFT,-60.0,9.8,80.5,TURN LEFT
2026-10-02T23:46:04.083,6,person,0.701,"(9, 115, 1258, 597)",2,2.0,100.0,TURN_LEFT,-60.0,9.8,80.5,TURN LEFT
2026-10-02T23:46:04.178,6,person,0.701,"(9, 115, 1258, 597)",2,2.0,100.0,TURN_LEFT,-60.0,9.8,80.5,TURN LEFT
2026-10-02T23:46:04.278,6,person,0.851,"(6, 118, 1252, 594)",2,2.0,100.0,TURN_LEFT,-60.0,9.8,80.5,TURN LEFT
2026-10-02T23:46:04.377,6,person,0.831,"(26, 116, 1236, 596)",2,2.0,100.0,TURN_LEFT,-60.0,9.8,80.5,TURN LEFT
2026-10-02T23:46:04.483,6,person,0.877,"(5, 117, 1257, 596)",2,2.0,100.0,TURN_LEFT,-60.0,9.8,80.5,TURN LEFT
2026-10-02T23:46:04.610,6,person,0.802,"(11, 120, 1259, 592)",2,2.0,100.0,TURN_LEFT,-60.0,9.8,80.5,TURN LEFT
2026-10-02T23:46:04.704,6,person,0.759,"(9, 128, 1263, 584)",2,2.0,100.0,TURN_LEFT,-60.0,9.8,80.5,TURN LEFT
2026-10-02T23:46:04.787,6,person,0.881,"(24, 130, 1221, 584)",2,2.0,100.0,TURN_LEFT,-60.0,9.8,80.5,TURN LEFT
2026-10-02T23:46:04.883,6,person,0.560,"(47, 137, 1140, 578)",2,2.1,100.0,TURN_LEFT,-60.0,9.8,80.5,TURN LEFT
2026-10-02T23:46:04.976,6,person,0.799,"(165, 151, 979, 564)",2,2.1,100.0,TURN_LEFT,-60.0,9.8,80.5,TURN LEFT
2026-10-02T23:46:05.073,6,person,0.527,"(55, 192, 1076, 518)",2,2.3,100.0,TURN_LEFT,-60.0,9.8,80.5,TURN LEFT
2026-10-02T23:46:05.348,7,person,0.674,"(465, 449, 294, 265)",2,4.5,83.9,TURN_LEFT,-36.5,33.4,76.4,STRAIGHT
2026-10-02T23:46:05.444,8,person,0.476,"(1, 221, 203, 490)",0,2.4,82.5,TURN_RIGHT,-12.4,57.6,72.2,STRAIGHT
2026-10-02T23:46:05.629,8,person,0.561,"(0, 447, 168, 263)",0,4.5,57.5,TURN_RIGHT,3.2,70.6,66.8,TURN RIGHT
2026-10-02T23:46:05.729,8,person,0.561,"(0, 447, 168, 263)",0,4.5,57.5,TURN_RIGHT,12.0,72.1,58.0,TURN RIGHT
2026-10-02T23:46:11.679,9,person,0.633,"(368, 435, 496, 281)",2,4.2,89.1,TURN_LEFT,-15.0,55.0,72.6,TURN LEFT
2026-10-02T23:46:11.769,9,person,0.633,"(376, 405, 516, 309)",2,3.9,100.0,TURN_LEFT,-27.6,42.3,74.8,TURN LEFT
2026-10-02T23:46:11.957,9,person,0.716,"(359, 400, 545, 314)",2,3.8,100.0,TURN_LEFT,-31.1,38.8,75.4,TURN LEFT
2026-10-02T23:46:11.957,10,car,0.648,"(590, 318, 178, 128)",2,7.9,57.8,TURN_LEFT,-31.1,38.8,75.4,TURN LEFT
2026-10-02T23:46:12.054,9,person,0.732,"(353, 401, 548, 312)",2,3.8,100.0,TURN_LEFT,-39.2,30.7,76.9,TURN LEFT
2026-10-02T23:46:12.149,9,person,0.767,"(348, 397, 551, 317)",2,3.8,100.0,TURN_LEFT,-45.0,24.8,77.9,TURN LEFT
2026-10-02T23:46:12.237,9,person,0.652,"(343, 404, 549, 311)",2,3.8,100.0,TURN_LEFT,-49.2,20.6,78.6,TURN LEFT
2026-10-02T23:46:12.237,10,car,0.456,"(572, 327, 178, 127)",2,8.0,56.0,TURN_LEFT,-49.2,20.6,78.6,TURN LEFT
2026-10-02T23:46:12.338,9,person,0.763,"(340, 408, 552, 307)",2,3.9,100.0,TURN_LEFT,-52.2,17.6,79.1,TURN LEFT
2026-10-02T23:46:12.427,9,person,0.684,"(342, 410, 547, 306)",2,3.9,100.0,TURN_LEFT,-54.4,15.4,79.5,TURN LEFT
2026-10-02T23:46:12.519,9,person,0.811,"(345, 414, 545, 301)",2,4.0,90.9,TURN_LEFT,-54.4,15.4,79.5,TURN LEFT
2026-10-02T23:46:12.624,9,person,0.704,"(350, 417, 539, 298)",2,4.0,89.8,TURN_LEFT,-54.3,15.5,79.5,TURN LEFT
2026-10-02T23:46:12.624,10,car,0.499,"(577, 344, 171, 124)",2,8.2,56.4,TURN_LEFT,-54.3,15.5,79.5,TURN LEFT
2026-10-02T23:46:12.706,9,person,0.658,"(362, 421, 522, 293)",2,4.1,89.4,TURN_LEFT,-54.1,15.7,79.5,TURN LEFT
2026-10-02T23:46:12.807,9,person,0.719,"(366, 431, 521, 284)",2,4.2,90.0,TURN_LEFT,-54.1,15.7,79.5,TURN LEFT
2026-10-02T23:46:12.807,10,car,0.473,"(589, 364, 170, 120)",2,8.5,56.2,TURN_LEFT,-54.1,15.7,79.5,TURN LEFT
2026-10-02T23:46:12.897,10,car,0.650,"(597, 373, 167, 121)",2,8.4,58.1,TURN_LEFT,-48.7,21.1,78.5,TURN LEFT
2026-10-02T23:46:12.989,10,car,0.754,"(599, 378, 167, 118)",2,8.6,59.1,TURN_LEFT,-50.1,19.7,78.8,TURN LEFT
2026-10-02T23:46:12.989,9,person,0.654,"(375, 441, 509, 275)",2,4.3,89.4,TURN_LEFT,-50.1,19.7,78.8,TURN LEFT
2026-10-02T23:46:13.087,9,person,0.711,"(382, 448, 506, 267)",2,4.5,89.9,TURN_LEFT,-51.1,18.7,78.9,TURN LEFT
2026-10-02T23:46:13.180,9,person,0.694,"(386, 452, 501, 263)",2,4.5,89.7,TURN_LEFT,-51.9,17.9,79.1,TURN LEFT
2026-10-02T23:46:13.274,9,person,0.718,"(382, 452, 502, 263)",2,4.5,90.0,TURN_LEFT,-52.5,17.3,79.2,TURN LEFT
2026-10-02T23:46:13.364,9,person,0.560,"(365, 451, 512, 265)",2,4.5,88.4,TURN_LEFT,-52.6,17.2,79.2,TURN LEFT
2026-10-02T23:46:13.459,9,person,0.560,"(365, 451, 512, 265)",2,4.5,88.4,TURN_LEFT,-52.7,17.1,79.2,TURN LEFT
2026-10-02T23:46:14.959,11,car,0.597,"(47, 291, 153, 103)",0,9.9,36.1,PATH_CLEAR,-0.5,69.5,70.1,STRAIGHT
2026-10-02T23:46:15.049,11,car,0.597,"(47, 291, 153, 103)",0,9.9,36.1,PATH_CLEAR,-0.4,69.6,70.1,STRAIGHT
2026-10-02T23:46:15.149,11,car,0.549,"(41, 292, 151, 103)",0,9.9,35.6,PATH_CLEAR,-0.3,69.7,70.1,STRAIGHT
2026-10-02T23:46:15.246,11,car,0.654,"(41, 294, 151, 104)",0,9.8,36.7,PATH_CLEAR,-0.2,69.8,70.0,STRAIGHT
2026-10-02T23:46:15.343,11,car,0.743,"(43, 293, 150, 106)",0,9.6,37.7,PATH_CLEAR,-0.1,69.9,70.0,STRAIGHT
2026-10-02T23:46:17.026,12,person,0.481,"(32, 429, 530, 283)",1,4.2,68.6,TURN_RIGHT,11.5,72.0,58.5,TURN RIGHT
2026-10-02T23:46:17.282,12,person,0.620,"(34, 437, 527, 275)",1,4.3,69.9,TURN_RIGHT,17.7,73.1,52.2,TURN RIGHT
2026-10-02T23:46:17.392,13,car,0.641,"(270, 342, 160, 115)",1,8.8,38.1,TURN_RIGHT,24.4,74.3,45.5,TURN RIGHT
2026-10-02T23:46:17.392,12,person,0.547,"(34, 437, 538, 276)",1,4.3,69.2,TURN_RIGHT,24.4,74.3,45.5,TURN RIGHT
2026-10-02T23:46:17.488,12,person,0.616,"(42, 431, 533, 282)",1,4.2,69.9,TURN_RIGHT,29.3,75.1,40.6,TURN RIGHT
2026-10-02T23:46:17.580,12,person,0.555,"(38, 433, 537, 280)",1,4.2,69.3,TURN_RIGHT,32.7,75.7,37.2,TURN RIGHT
2026-10-02T23:46:17.675,12,person,0.466,"(38, 430, 538, 283)",1,4.2,68.4,TURN_RIGHT,35.0,76.1,34.9,TURN RIGHT
2026-10-02T23:46:17.775,12,person,0.504,"(35, 435, 540, 278)",1,4.3,68.8,TURN_RIGHT,36.8,76.4,33.1,TURN RIGHT
2026-10-02T23:46:17.863,12,person,0.683,"(32, 432, 538, 281)",1,4.2,70.6,TURN_RIGHT,38.4,76.7,31.5,TURN RIGHT
2026-10-02T23:46:17.959,13,car,0.569,"(271, 342, 161, 115)",1,8.8,37.4,PATH_CLEAR,27.6,74.8,42.3,STRAIGHT
2026-10-02T23:46:18.062,13,car,0.610,"(272, 341, 160, 118)",1,8.6,37.9,TURN_RIGHT,31.6,75.5,38.3,STRAIGHT
2026-10-02T23:46:18.062,12,person,0.585,"(33, 434, 540, 279)",1,4.3,69.6,TURN_RIGHT,31.6,75.5,38.3,STRAIGHT
2026-10-02T23:46:18.148,12,person,0.494,"(43, 442, 526, 271)",1,4.4,68.7,TURN_RIGHT,34.3,76.0,35.6,STRAIGHT
2026-10-02T23:46:18.236,13,car,0.739,"(274, 341, 161, 115)",1,8.8,39.1,TURN_RIGHT,36.2,76.3,33.7,STRAIGHT
2026-10-02T23:46:18.236,12,person,0.489,"(78, 439, 497, 275)",1,4.3,68.7,TURN_RIGHT,36.2,76.3,33.7,STRAIGHT
2026-10-02T23:46:18.340,12,person,0.460,"(45, 438, 528, 274)",1,4.3,68.3,TURN_RIGHT,37.6,76.6,32.3,TURN RIGHT
2026-10-02T23:46:18.431,13,car,0.692,"(276, 339, 161, 117)",1,8.7,38.7,TURN_RIGHT,38.8,76.8,31.1,TURN RIGHT
2026-10-02T23:46:18.431,12,person,0.602,"(56, 417, 517, 295)",1,4.0,69.8,TURN_RIGHT,38.8,76.8,31.1,TURN RIGHT
2026-10-02T23:46:18.522,13,car,0.827,"(278, 342, 161, 117)",1,8.7,40.1,PATH_CLEAR,27.9,74.9,42.0,TURN RIGHT
2026-10-02T23:46:18.703,13,car,0.644,"(288, 385, 160, 98)",1,10.4,38.1,PATH_CLEAR,14.5,72.5,55.5,STRAIGHT
2026-10-02T23:46:19.254,14,car,0.471,"(353, 481, 154, 99)",1,10.3,56.9,TURN_RIGHT,12.3,72.2,57.7,TURN RIGHT
2026-10-02T23:46:19.392,14,car,0.761,"(355, 469, 156, 116)",1,8.8,60.4,TURN_RIGHT,19.0,73.3,50.9,TURN RIGHT
2026-10-02T23:46:19.525,14,car,0.522,"(368, 466, 156, 120)",1,8.5,72.1,TURN_RIGHT,25.8,74.5,44.1,TURN RIGHT
2026-10-02T23:46:22.244,15,person,0.652,"(569, 482, 416, 233)",3,5.1,87.2,TURN_LEFT,-14.6,55.4,72.6,TURN LEFT
2026-10-02T23:46:22.379,15,person,0.683,"(553, 428, 429, 287)",2,4.1,89.6,TURN_LEFT,-25.6,44.3,74.5,TURN LEFT
2026-10-02T23:46:22.484,15,person,0.798,"(568, 427, 427, 289)",3,4.1,100.0,TURN_LEFT,-35.2,34.7,76.2,TURN LEFT
2026-10-02T23:46:22.932,15,person,0.751,"(546, 433, 447, 283)",3,4.2,100.0,TURN_LEFT,-26.3,43.6,74.6,STRAIGHT
2026-10-02T23:46:23.026,15,person,0.752,"(545, 438, 440, 277)",2,4.3,100.0,TURN_LEFT,-35.7,34.2,76.2,TURN LEFT
2026-10-02T23:46:23.120,15,person,0.741,"(543, 438, 442, 277)",2,4.3,100.0,TURN_LEFT,-42.5,27.4,77.4,TURN LEFT
2026-10-02T23:46:23.552,15,person,0.657,"(742, 395, 332, 320)",3,3.7,99.6,STOPPED,-11.4,58.6,72.0,STRAIGHT
2026-10-02T23:46:23.552,16,person,0.506,"(203, 231, 394, 481)",1,2.5,84.4,STOPPED,-11.4,58.6,72.0,STRAIGHT
2026-10-02T23:46:23.637,16,person,0.473,"(316, 335, 401, 379)",2,3.1,100.0,TURN_LEFT,-25.0,44.9,74.4,STRAIGHT
2026-10-02T23:46:23.725,15,person,0.681,"(422, 382, 591, 330)",2,3.6,100.0,TURN_LEFT,-34.8,35.1,76.1,STRAIGHT
2026-10-02T23:46:23.813,15,person,0.644,"(445, 442, 572, 271)",2,4.4,100.0,TURN_LEFT,-41.9,28.0,77.3,TURN LEFT
2026-10-02T23:46:23.909,15,person,0.644,"(445, 442, 572, 271)",2,4.4,100.0,TURN_LEFT,-46.9,22.9,78.2,TURN LEFT
2026-10-02T23:46:24.002,15,person,0.538,"(434, 467, 596, 248)",2,4.8,100.0,TURN_LEFT,-50.6,19.2,78.9,TURN LEFT
2026-10-02T23:46:24.207,15,person,0.620,"(434, 488, 566, 226)",2,5.3,89.0,TURN_LEFT,-41.2,28.7,77.2,TURN LEFT
2026-10-02T23:46:24.310,15,person,0.562,"(429, 498, 559, 217)",2,5.5,88.4,TURN_LEFT,-44.5,25.4,77.8,TURN LEFT
2026-10-02T23:46:24.460,15,person,0.490,"(440, 532, 550, 184)",2,6.5,77.2,TURN_LEFT,-45.0,24.8,77.9,TURN LEFT
2026-10-02T23:46:25.464,15,person,0.534,"(469, 528, 534, 188)",2,6.3,77.5,TURN_LEFT,-15.4,54.5,72.7,TURN LEFT
2026-10-02T23:46:25.552,15,person,0.504,"(473, 488, 543, 227)",2,5.2,87.8,TURN_LEFT,-25.8,44.1,74.5,TURN LEFT
2026-10-02T23:46:25.642,15,person,0.542,"(475, 527, 528, 188)",2,6.3,77.3,TURN_LEFT,-31.6,38.3,75.5,TURN LEFT
2026-10-02T23:46:25.738,15,person,0.514,"(477, 493, 527, 224)",2,5.3,88.0,TURN_LEFT,-37.5,32.4,76.6,TURN LEFT
2026-10-02T23:46:25.831,15,person,0.543,"(479, 491, 523, 224)",2,5.3,88.2,TURN_LEFT,-41.8,28.1,77.3,TURN LEFT
2026-10-02T23:46:26.031,15,person,0.459,"(481, 513, 518, 203)",2,5.9,86.8,TURN_LEFT,-36.3,33.6,76.4,STRAIGHT
2026-10-02T23:46:26.127,15,person,0.490,"(478, 534, 521, 183)",2,6.5,76.1,TURN_LEFT,-38.9,31.0,76.8,STRAIGHT
2026-10-02T23:46:26.217,15,person,0.505,"(477, 517, 521, 199)",2,6.0,77.8,TURN_LEFT,-41.1,28.8,77.2,STRAIGHT
2026-10-02T23:46:27.008,15,person,0.479,"(489, 487, 499, 229)",2,5.2,87.6,TURN_LEFT,-17.7,52.2,73.1,TURN LEFT
2026-10-02T23:46:27.193,15,person,0.518,"(488, 487, 505, 228)",2,5.2,100.0,TURN_LEFT,-26.0,43.9,74.5,TURN LEFT
2026-10-02T23:46:27.384,15,person,0.487,"(489, 485, 501, 231)",2,5.2,87.7,TURN_LEFT,-28.2,41.7,74.9,TURN LEFT
2026-10-02T23:46:27.983,15,person,0.498,"(488, 493, 510, 224)",2,5.3,87.8,TURN_LEFT,-18.7,51.2,73.3,TURN LEFT
2026-10-02T23:46:28.080,15,person,0.463,"(489, 490, 511, 226)",2,5.3,100.0,TURN_LEFT,-30.3,39.6,75.3,TURN LEFT
2026-10-02T23:46:28.463,15,person,0.492,"(488, 494, 510, 222)",2,5.4,100.0,TURN_LEFT,-24.9,45.0,74.4,STRAIGHT
2026-10-02T23:46:29.197,15,person,0.570,"(465, 504, 516, 212)",2,5.6,88.5,TURN_LEFT,-18.3,51.6,73.2,TURN LEFT
2026-10-02T23:46:30.500,15,person,0.454,"(459, 539, 509, 176)",2,6.8,74.7,TURN_LEFT,-13.0,57.0,72.3,TURN LEFT
2026-10-02T23:46:31.608,15,person,0.548,"(389, 532, 387, 183)",2,6.5,72.1,TURN_LEFT,-12.5,57.5,72.2,TURN LEFT
2026-10-02T23:46:31.943,15,person,0.507,"(448, 502, 550, 213)",2,5.6,87.9,TURN_LEFT,-19.4,50.5,73.4,TURN LEFT
2026-10-02T23:46:32.129,15,person,0.478,"(462, 492, 547, 224)",2,5.3,87.6,TURN_LEFT,-24.8,45.1,74.3,STRAIGHT
2026-10-02T23:46:34.072,17,person,0.516,"(497, 489, 595, 225)",3,5.3,87.9,TURN_LEFT,-14.8,55.2,72.6,TURN LEFT
2026-10-02T23:46:34.204,17,person,0.644,"(496, 494, 600, 221)",3,5.4,89.2,TURN_LEFT,-25.6,44.3,74.5,TURN LEFT
2026-10-02T23:46:34.341,17,person,0.711,"(499, 496, 592, 221)",3,5.4,89.9,TURN_LEFT,-33.6,36.3,75.9,TURN LEFT
2026-10-02T23:46:34.472,17,person,0.768,"(502, 501, 591, 215)",3,5.5,90.5,TURN_LEFT,-39.4,30.5,76.9,TURN LEFT
2026-10-02T23:46:34.576,17,person,0.727,"(502, 488, 587, 228)",3,5.2,90.1,TURN_LEFT,-43.5,26.4,77.6,TURN LEFT
2026-10-02T23:46:34.697,17,person,0.641,"(502, 493, 579, 224)",3,5.3,89.2,TURN_LEFT,-46.3,23.5,78.1,TURN LEFT
2026-10-02T23:46:34.791,17,person,0.707,"(502, 492, 579, 224)",3,5.3,89.9,TURN_LEFT,-48.4,21.4,78.5,TURN LEFT
2026-10-02T23:46:34.892,17,person,0.646,"(507, 504, 574, 211)",3,5.6,89.3,TURN_LEFT,-49.9,19.9,78.7,TURN LEFT
2026-10-02T23:46:34.987,17,person,0.596,"(507, 499, 571, 216)",3,5.5,88.8,TURN_LEFT,-50.8,19.0,78.9,TURN LEFT
2026-10-02T23:46:35.079,17,person,0.716,"(508, 502, 579, 213)",3,5.6,90.0,TURN_LEFT,-51.7,18.1,79.0,TURN LEFT
2026-10-02T23:46:35.173,17,person,0.672,"(508, 501, 581, 215)",3,5.5,89.5,TURN_LEFT,-52.3,17.5,79.2,TURN LEFT
2026-10-02T23:46:35.261,17,person,0.719,"(509, 500, 580, 215)",3,5.5,90.0,TURN_LEFT,-52.8,17.0,79.2,TURN LEFT
2026-10-02T23:46:35.349,17,person,0.733,"(509, 500, 579, 215)",3,5.5,90.1,TURN_LEFT,-53.1,16.7,79.3,TURN LEFT
2026-10-02T23:46:35.446,17,person,0.733,"(509, 500, 579, 215)",3,5.5,90.1,TURN_LEFT,-53.4,16.4,79.3,TURN LEFT
2026-10-02T23:46:35.538,17,person,0.686,"(507, 500, 578, 215)",3,5.5,89.7,TURN_LEFT,-53.5,16.3,79.4,TURN LEFT
2026-10-02T23:46:35.630,17,person,0.552,"(507, 489, 575, 228)",3,5.2,88.4,TURN_LEFT,-53.4,16.4,79.3,TURN LEFT
2026-10-02T23:46:35.722,17,person,0.689,"(506, 496, 574, 219)",3,5.4,89.7,TURN_LEFT,-53.5,16.3,79.4,TURN LEFT
2026-10-02T23:46:35.818,17,person,0.640,"(509, 493, 574, 221)",3,5.4,89.2,TURN_LEFT,-53.5,16.3,79.4,TURN LEFT
2026-10-02T23:46:35.910,17,person,0.648,"(510, 497, 577, 217)",3,5.5,89.3,TURN_LEFT,-53.5,16.3,79.4,TURN LEFT
2026-10-02T23:46:36.005,17,person,0.642,"(528, 454, 567, 260)",3,4.6,100.0,TURN_LEFT,-55.3,14.5,79.7,TURN LEFT
2026-10-02T23:46:36.096,17,person,0.664,"(535, 451, 562, 262)",3,4.5,100.0,TURN_LEFT,-56.6,13.2,79.9,TURN LEFT
2026-10-02T23:46:36.193,17,person,0.632,"(535, 460, 558, 254)",3,4.7,100.0,TURN_LEFT,-57.6,12.2,80.1,TURN LEFT
2026-10-02T23:46:36.284,17,person,0.632,"(535, 460, 558, 254)",3,4.7,100.0,TURN_LEFT,-58.3,11.5,80.2,TURN LEFT
2026-10-02T23:46:36.381,17,person,0.518,"(536, 469, 556, 246)",3,4.8,100.0,TURN_LEFT,-58.7,11.1,80.3,TURN LEFT
2026-10-02T23:46:36.483,17,person,0.694,"(537, 477, 554, 238)",3,5.0,89.7,TURN_LEFT,-57.4,12.4,80.0,TURN LEFT
2026-10-02T23:46:36.569,17,person,0.616,"(537, 477, 544, 238)",3,5.0,89.0,TURN_LEFT,-56.3,13.5,79.9,TURN LEFT
2026-10-02T23:46:36.660,17,person,0.584,"(537, 481, 543, 234)",3,5.1,88.6,TURN_LEFT,-55.4,14.4,79.7,TURN LEFT
2026-10-02T23:46:36.756,17,person,0.611,"(535, 495, 533, 219)",3,5.4,88.9,TURN_LEFT,-54.8,15.0,79.6,TURN LEFT
2026-10-02T23:46:36.852,17,person,0.610,"(536, 498, 530, 218)",3,5.5,88.9,TURN_LEFT,-54.4,15.4,79.5,TURN LEFT
2026-10-02T23:46:36.945,17,person,0.588,"(535, 496, 532, 220)",3,5.4,88.7,TURN_LEFT,-54.1,15.7,79.5,TURN LEFT
2026-10-02T23:46:37.036,17,person,0.637,"(534, 501, 530, 214)",3,5.6,89.2,TURN_LEFT,-53.9,15.9,79.4,TURN LEFT
2026-10-02T23:46:37.131,17,person,0.620,"(533, 508, 522, 206)",3,5.8,88.8,TURN_LEFT,-53.7,16.1,79.4,TURN LEFT
2026-10-02T23:46:37.228,17,person,0.643,"(531, 516, 517, 199)",3,6.0,79.0,TURN_LEFT,-52.0,17.8,79.1,TURN LEFT
2026-10-02T23:46:37.339,17,person,0.662,"(532, 517, 514, 197)",3,6.0,78.9,TURN_LEFT,-50.7,19.1,78.9,TURN LEFT
2026-10-02T23:46:37.460,17,person,0.732,"(525, 516, 527, 199)",3,6.0,80.3,TURN_LEFT,-50.0,19.8,78.8,TURN LEFT
2026-10-02T23:46:37.552,17,person,0.619,"(508, 502, 551, 214)",3,5.6,89.0,TURN_LEFT,-50.9,18.9,78.9,TURN LEFT
2026-10-02T23:46:37.644,17,person,0.730,"(498, 512, 562, 203)",3,5.9,90.1,TURN_LEFT,-51.8,18.0,79.1,TURN LEFT
2026-10-02T23:46:37.734,17,person,0.616,"(470, 502, 571, 214)",2,5.6,89.0,TURN_LEFT,-52.3,17.5,79.2,TURN LEFT
2026-10-02T23:46:37.840,17,person,0.616,"(440, 496, 605, 221)",2,5.4,100.0,TURN_LEFT,-54.4,15.4,79.5,TURN LEFT
2026-10-02T23:46:37.928,17,person,0.583,"(443, 492, 603, 224)",2,5.3,100.0,TURN_LEFT,-56.0,13.8,79.8,TURN LEFT
2026-10-02T23:46:38.022,17,person,0.511,"(450, 489, 595, 227)",2,5.2,100.0,TURN_LEFT,-57.1,12.7,80.0,TURN LEFT
2026-10-02T23:46:38.124,17,person,0.506,"(456, 483, 591, 236)",2,5.0,100.0,TURN_LEFT,-57.9,11.9,80.1,TURN LEFT
2026-10-02T23:46:38.210,17,person,0.607,"(458, 490, 587, 226)",2,5.3,100.0,TURN_LEFT,-58.5,11.3,80.2,TURN LEFT
2026-10-02T23:46:38.302,17,person,0.651,"(463, 480, 585, 238)",2,5.0,100.0,TURN_LEFT,-58.9,10.9,80.3,TURN LEFT
2026-10-02T23:46:38.393,17,person,0.487,"(465, 482, 582, 234)",2,5.1,100.0,TURN_LEFT,-59.2,10.6,80.4,TURN LEFT
2026-10-02T23:46:38.487,17,person,0.510,"(470, 534, 572, 185)",2,6.4,78.3,TURN_LEFT,-55.8,14.0,79.8,TURN LEFT
2026-10-02T23:46:38.591,17,person,0.468,"(471, 500, 567, 218)",2,5.5,87.5,TURN_LEFT,-54.9,14.9,79.6,TURN LEFT
2026-10-02T23:46:39.105,17,person,0.593,"(489, 510, 575, 209)",3,5.7,88.8,TURN_LEFT,-25.5,44.4,74.5,TURN LEFT
2026-10-02T23:46:39.195,17,person,0.712,"(497, 505, 594, 212)",3,5.6,90.0,TURN_LEFT,-33.5,36.4,75.9,TURN LEFT
2026-10-02T23:46:39.291,17,person,0.706,"(503, 500, 593, 215)",3,5.5,89.9,TURN_LEFT,-39.2,30.7,76.9,TURN LEFT
2026-10-02T23:46:39.383,17,person,0.647,"(512, 496, 593, 220)",3,5.4,89.3,TURN_LEFT,-43.2,26.7,77.6,TURN LEFT
2026-10-02T23:46:39.484,17,person,0.653,"(512, 498, 591, 218)",3,5.5,89.3,TURN_LEFT,-46.1,23.7,78.1,TURN LEFT
2026-10-02T23:46:39.598,17,person,0.719,"(509, 497, 589, 219)",3,5.4,100.0,TURN_LEFT,-50.0,19.8,78.8,TURN LEFT
2026-10-02T23:46:39.730,17,person,0.731,"(506, 496, 588, 221)",3,5.4,90.1,TURN_LEFT,-51.2,18.6,79.0,TURN LEFT
2026-10-02T23:46:39.853,17,person,0.733,"(505, 498, 587, 219)",3,5.4,90.2,TURN_LEFT,-52.0,17.8,79.1,TURN LEFT
2026-10-02T23:46:39.945,17,person,0.663,"(506, 492, 587, 224)",3,5.3,89.4,TURN_LEFT,-52.4,17.4,79.2,TURN LEFT
2026-10-02T23:46:40.046,17,person,0.643,"(506, 499, 586, 217)",3,5.5,89.2,TURN_LEFT,-52.7,17.1,79.2,TURN LEFT
2026-10-02T23:46:40.140,17,person,0.502,"(505, 491, 589, 225)",3,5.3,87.8,TURN_LEFT,-52.7,17.1,79.2,TURN LEFT
2026-10-02T23:46:40.247,17,person,0.666,"(511, 502, 585, 214)",3,5.6,89.5,TURN_LEFT,-53.0,16.8,79.3,TURN LEFT
2026-10-02T23:46:40.378,17,person,0.498,"(511, 492, 582, 224)",3,5.3,87.8,TURN_LEFT,-52.9,16.9,79.3,TURN LEFT
2026-10-02T23:46:40.488,17,person,0.570,"(516, 487, 561, 229)",3,5.2,88.5,TURN_LEFT,-53.0,16.8,79.3,TURN LEFT
2026-10-02T23:46:40.610,17,person,0.530,"(524, 478, 537, 238)",3,5.0,88.1,TURN_LEFT,-52.9,16.9,79.3,TURN LEFT
2026-10-02T23:46:40.699,17,person,0.741,"(508, 439, 567, 277)",3,4.3,100.0,TURN_LEFT,-54.9,14.9,79.6,TURN LEFT
2026-10-02T23:46:40.903,17,person,0.602,"(877, 428, 302, 287)",4,4.1,65.8,TURN_LEFT,-39.5,30.4,76.9,STRAIGHT
2026-10-02T23:46:41.034,17,person,0.612,"(831, 454, 359, 262)",3,4.5,67.3,TURN_LEFT,-39.8,30.1,77.0,STRAIGHT
2026-10-02T23:46:41.965,17,person,0.618,"(244, 498, 844, 216)",2,5.5,100.0,TURN_LEFT,-18.3,51.6,73.2,TURN LEFT
2026-10-02T23:46:42.055,17,person,0.771,"(291, 496, 803, 219)",2,5.4,100.0,TURN_LEFT,-30.0,39.9,75.2,TURN LEFT
2026-10-02T23:46:42.146,17,person,0.676,"(378, 501, 701, 216)",2,5.5,100.0,TURN_LEFT,-38.4,31.5,76.7,TURN LEFT
2026-10-02T23:46:42.239,17,person,0.824,"(427, 511, 633, 206)",2,5.8,91.1,TURN_LEFT,-42.9,27.0,77.5,TURN LEFT
2026-10-02T23:46:42.340,17,person,0.515,"(481, 554, 525, 161)",2,7.4,74.3,TURN_LEFT,-43.4,26.5,77.6,TURN LEFT
2026-10-02T23:46:42.465,17,person,0.648,"(477, 559, 524, 157)",2,7.6,75.3,TURN_LEFT,-43.9,26.0,77.7,TURN LEFT
2026-10-02T23:46:43.410,18,person,0.632,"(0, 303, 150, 282)",0,4.2,55.8,TURN_RIGHT,6.2,71.1,63.8,TURN RIGHT
2026-10-02T23:46:43.512,18,person,0.608,"(0, 303, 140, 280)",0,4.2,54.9,TURN_RIGHT,13.7,72.4,56.3,TURN RIGHT
2026-10-02T23:46:43.601,18,person,0.532,"(0, 299, 123, 286)",0,4.2,53.4,TURN_RIGHT,18.8,73.3,51.1,TURN RIGHT
2026-10-02T23:46:43.687,19,person,0.458,"(0, 569, 289, 144)",0,8.3,46.8,TURN_RIGHT,21.4,73.7,48.5,TURN RIGHT
2026-10-02T23:46:43.971,20,car,0.532,"(99, 387, 235, 164)",0,6.2,42.3,TURN_RIGHT,15.1,72.6,54.8,STRAIGHT
2026-10-02T23:46:44.067,20,car,0.532,"(97, 381, 235, 170)",0,6.0,42.6,TURN_RIGHT,19.8,73.5,50.1,STRAIGHT
2026-10-02T23:46:44.067,18,person,0.451,"(0, 304, 117, 301)",0,4.0,53.0,TURN_RIGHT,19.8,73.5,50.1,STRAIGHT
2026-10-02T23:46:44.451,20,car,0.670,"(95, 392, 238, 173)",0,5.9,53.6,TURN_RIGHT,14.3,72.5,55.7,TURN RIGHT
2026-10-02T23:46:44.543,20,car,0.704,"(98, 395, 238, 176)",0,5.8,68.2,TURN_RIGHT,21.8,73.8,48.1,TURN RIGHT
2026-10-02T23:46:44.659,20,car,0.704,"(98, 395, 238, 176)",0,5.8,68.2,TURN_RIGHT,27.1,74.7,42.8,TURN RIGHT
2026-10-02T23:46:44.930,20,car,0.611,"(110, 401, 235, 176)",0,5.8,53.2,TURN_RIGHT,23.0,74.0,46.9,TURN RIGHT
2026-10-02T23:46:45.068,20,car,0.611,"(110, 401, 235, 176)",0,5.8,53.2,TURN_RIGHT,25.5,74.5,44.4,TURN RIGHT
2026-10-02T23:46:45.162,20,car,0.450,"(112, 401, 237, 179)",0,5.7,65.9,TURN_RIGHT,29.4,75.1,40.5,TURN RIGHT
2026-10-02T23:46:45.265,20,car,0.484,"(118, 403, 236, 177)",0,5.7,52.1,TURN_RIGHT,29.9,75.2,40.0,TURN RIGHT
2026-10-02T23:46:45.385,18,person,0.717,"(0, 314, 133, 317)",0,3.8,73.0,TURN_RIGHT,33.8,75.9,36.1,TURN RIGHT
2026-10-02T23:46:45.385,20,car,0.452,"(120, 405, 238, 176)",0,5.8,51.8,TURN_RIGHT,33.8,75.9,36.1,TURN RIGHT
2026-10-02T23:46:45.477,20,car,0.616,"(129, 405, 240, 176)",0,5.8,53.5,TURN_RIGHT,39.3,76.9,30.6,TURN RIGHT
2026-10-02T23:46:45.477,21,person,0.557,"(147, 313, 102, 103)",0,11.6,37.1,TURN_RIGHT,39.3,76.9,30.6,TURN RIGHT
2026-10-02T23:46:45.477,18,person,0.480,"(0, 316, 202, 320)",0,3.7,88.8,TURN_RIGHT,39.3,76.9,30.6,TURN RIGHT
2026-10-02T23:46:45.568,18,person,0.753,"(0, 314, 146, 320)",0,3.7,88.2,TURN_RIGHT,43.1,77.5,26.8,TURN RIGHT
2026-10-02T23:46:45.666,18,person,0.761,"(0, 314, 155, 322)",0,3.7,88.9,TURN_RIGHT,45.9,78.0,23.9,TURN RIGHT
2026-10-02T23:46:45.666,20,car,0.728,"(148, 410, 246, 172)",1,5.9,54.7,TURN_RIGHT,45.9,78.0,23.9,TURN RIGHT
2026-10-02T23:46:45.769,18,person,0.714,"(0, 315, 160, 324)",0,3.7,88.9,TURN_RIGHT,48.0,78.4,21.8,TURN RIGHT
2026-10-02T23:46:45.895,20,car,0.705,"(183, 412, 246, 179)",1,5.7,54.9,TURN_RIGHT,49.6,78.7,20.2,TURN RIGHT
2026-10-02T23:46:45.895,18,person,0.642,"(9, 316, 176, 333)",0,3.6,89.6,TURN_RIGHT,49.6,78.7,20.2,TURN RIGHT
2026-10-02T23:46:46.256,20,car,0.694,"(206, 413, 249, 186)",1,5.5,69.3,TURN_RIGHT,37.4,76.5,32.5,STRAIGHT
2026-10-02T23:46:46.363,20,car,0.710,"(226, 414, 252, 189)",1,5.4,69.8,TURN_RIGHT,41.9,77.3,28.0,STRAIGHT
2026-10-02T23:46:46.363,18,person,0.612,"(48, 314, 173, 340)",0,3.5,89.4,TURN_RIGHT,41.9,77.3,28.0,STRAIGHT
2026-10-02T23:46:46.466,20,car,0.797,"(233, 417, 253, 190)",1,5.3,70.8,TURN_RIGHT,45.5,78.0,24.3,TURN RIGHT
2026-10-02T23:46:46.466,18,person,0.743,"(53, 316, 180, 343)",0,3.5,91.3,TURN_RIGHT,45.5,78.0,24.3,TURN RIGHT
2026-10-02T23:46:46.562,20,car,0.796,"(237, 418, 250, 189)",1,5.4,70.7,TURN_RIGHT,44.7,77.8,25.2,TURN RIGHT
2026-10-02T23:46:46.650,20,car,0.844,"(236, 417, 252, 190)",1,5.3,71.3,TURN_RIGHT,44.1,77.7,25.8,TURN RIGHT
2026-10-02T23:46:46.744,20,car,0.798,"(234, 416, 252, 189)",1,5.4,70.7,TURN_RIGHT,43.6,77.6,26.3,TURN RIGHT
2026-10-02T23:46:46.832,20,car,0.785,"(235, 415, 254, 189)",1,5.4,70.6,TURN_RIGHT,44.1,77.7,25.8,TURN RIGHT
2026-10-02T23:46:46.832,18,person,0.563,"(54, 316, 178, 340)",0,3.5,75.2,TURN_RIGHT,44.1,77.7,25.8,TURN RIGHT
2026-10-02T23:46:46.924,20,car,0.754,"(238, 415, 251, 192)",1,5.3,56.4,TURN_RIGHT,41.2,77.2,28.7,TURN RIGHT
2026-10-02T23:46:47.022,20,car,0.754,"(238, 415, 251, 192)",1,5.3,56.4,TURN_RIGHT,39.1,76.8,30.8,TURN RIGHT
2026-10-02T23:46:47.124,20,car,0.869,"(243, 419, 253, 190)",1,5.3,57.6,TURN_RIGHT,43.2,77.6,26.7,TURN RIGHT
2026-10-02T23:46:47.124,18,person,0.576,"(57, 317, 181, 340)",0,3.5,89.6,TURN_RIGHT,43.2,77.6,26.7,TURN RIGHT
2026-10-02T23:46:47.221,20,car,0.863,"(244, 419, 254, 191)",1,5.3,57.6,TURN_RIGHT,40.8,77.1,29.1,TURN RIGHT
2026-10-02T23:46:47.307,20,car,0.854,"(245, 419, 254, 192)",1,5.3,57.6,TURN_RIGHT,39.1,76.8,30.8,TURN RIGHT
2026-10-02T23:46:47.403,20,car,0.877,"(251, 419, 251, 190)",1,5.3,57.6,TURN_RIGHT,37.8,76.6,32.1,TURN RIGHT
2026-10-02T23:46:47.523,20,car,0.873,"(252, 420, 251, 191)",1,5.3,57.6,TURN_RIGHT,36.9,76.5,33.0,TURN RIGHT
2026-10-02T23:46:47.643,20,car,0.879,"(255, 424, 252, 186)",1,5.5,57.5,TURN_RIGHT,36.2,76.3,33.7,TURN RIGHT
2026-10-02T23:46:47.643,22,car,0.496,"(445, 435, 134, 78)",2,13.0,55.1,TURN_RIGHT,36.2,76.3,33.7,TURN RIGHT
2026-10-02T23:46:47.747,20,car,0.889,"(256, 423, 253, 188)",1,5.4,57.7,TURN_RIGHT,41.1,77.2,28.8,TURN RIGHT
2026-10-02T23:46:47.747,18,person,0.507,"(69, 318, 187, 342)",0,3.5,89.4,TURN_RIGHT,41.1,77.2,28.8,TURN RIGHT
2026-10-02T23:46:47.747,23,person,0.477,"(388, 321, 75, 54)",1,22.0,34.4,TURN_RIGHT,41.1,77.2,28.8,TURN RIGHT
2026-10-02T23:46:47.868,20,car,0.849,"(261, 423, 256, 187)",1,5.4,57.4,TURN_RIGHT,39.2,76.9,30.7,TURN RIGHT
2026-10-02T23:46:47.953,20,car,0.734,"(263, 421, 258, 189)",1,5.4,56.4,TURN_RIGHT,37.7,76.6,32.2,TURN RIGHT
2026-10-02T23:46:48.057,20,car,0.771,"(264, 422, 256, 192)",1,5.3,56.9,TURN_RIGHT,42.4,77.4,27.5,TURN RIGHT
2026-10-02T23:46:48.057,18,person,0.633,"(80, 315, 185, 345)",0,3.4,90.6,TURN_RIGHT,42.4,77.4,27.5,TURN RIGHT
2026-10-02T23:46:48.057,23,person,0.539,"(397, 320, 76, 55)",1,21.6,35.1,TURN_RIGHT,42.4,77.4,27.5,TURN RIGHT
2026-10-02T23:46:48.057,24,person,0.455,"(274, 319, 104, 85)",1,14.0,35.6,TURN_RIGHT,42.4,77.4,27.5,TURN RIGHT
2026-10-02T23:46:48.139,20,car,0.692,"(264, 413, 261, 189)",1,5.4,55.9,TURN_RIGHT,39.9,77.0,30.0,TURN RIGHT
2026-10-02T23:46:48.331,23,person,0.468,"(396, 299, 75, 54)",1,22.0,34.0,PATH_CLEAR,20.7,73.6,49.2,STRAIGHT
2026-10-02T23:46:48.331,24,person,0.452,"(277, 298, 98, 102)",1,11.7,35.7,PATH_CLEAR,20.7,73.6,49.2,STRAIGHT
2026-10-02T23:46:48.426,18,person,0.545,"(94, 290, 165, 328)",0,3.6,73.3,TURN_RIGHT,27.2,74.8,42.7,STRAIGHT
2026-10-02T23:46:48.426,23,person,0.462,"(398, 292, 72, 50)",1,23.8,33.7,TURN_RIGHT,27.2,74.8,42.7,STRAIGHT
2026-10-02T23:46:48.528,18,person,0.545,"(94, 290, 165, 328)",0,3.6,73.3,TURN_RIGHT,31.9,75.6,38.0,STRAIGHT
2026-10-02T23:46:48.528,23,person,0.462,"(398, 292, 72, 50)",1,23.8,33.7,TURN_RIGHT,31.9,75.6,38.0,STRAIGHT
2026-10-02T23:46:48.618,23,person,0.477,"(404, 296, 70, 51)",1,23.3,33.9,PATH_CLEAR,23.0,74.0,46.9,STRAIGHT
2026-10-02T23:46:48.711,23,person,0.477,"(404, 296, 70, 51)",1,23.3,33.9,PATH_CLEAR,16.5,72.9,53.4,STRAIGHT
2026-10-02T23:46:48.820,20,car,0.535,"(292, 393, 237, 167)",1,6.1,42.7,TURN_RIGHT,19.1,73.3,50.8,TURN RIGHT
2026-10-02T23:46:48.921,20,car,0.759,"(299, 393, 236, 169)",1,6.0,45.0,TURN_RIGHT,21.3,73.7,48.6,TURN RIGHT
2026-10-02T23:46:49.039,20,car,0.647,"(301, 396, 237, 172)",1,5.9,53.3,TURN_RIGHT,24.3,74.3,45.6,TURN RIGHT
2026-10-02T23:46:49.130,20,car,0.486,"(302, 395, 239, 176)",1,5.8,52.0,TURN_RIGHT,26.2,74.6,43.7,TURN RIGHT
2026-10-02T23:46:49.321,20,car,0.648,"(301, 396, 240, 174)",1,5.8,53.6,TURN_RIGHT,22.6,74.0,47.3,STRAIGHT
2026-10-02T23:46:49.404,20,car,0.508,"(300, 397, 240, 174)",1,5.8,52.2,TURN_RIGHT,25.0,74.4,44.9,STRAIGHT
2026-10-02T23:46:49.701,18,person,0.536,"(99, 296, 165, 319)",0,3.7,72.8,TURN_RIGHT,21.6,73.8,48.3,TURN RIGHT
2026-10-02T23:46:49.701,23,person,0.454,"(398, 300, 71, 49)",1,24.3,33.7,TURN_RIGHT,21.6,73.8,48.3,TURN RIGHT
2026-10-02T23:46:50.452,25,person,0.469,"(604, 322, 76, 53)",2,22.5,34.4,PATH_CLEAR,3.0,70.5,67.0,STRAIGHT
2026-10-02T23:46:51.015,26,car,0.496,"(592, 454, 274, 196)",2,5.2,74.6,TURN_LEFT,-12.1,57.9,72.1,TURN LEFT
2026-10-02T23:46:51.111,26,car,0.548,"(603, 459, 270, 190)",2,5.3,74.6,TURN_LEFT,-21.3,48.6,73.7,TURN LEFT
2026-10-02T23:46:51.209,26,car,0.548,"(603, 459, 270, 190)",2,5.3,74.6,TURN_LEFT,-27.9,42.0,74.9,TURN LEFT
2026-10-02T23:46:51.308,26,car,0.611,"(603, 460, 271, 196)",2,5.2,75.7,TURN_LEFT,-32.8,37.1,75.7,TURN LEFT
2026-10-02T23:46:51.427,26,car,0.571,"(605, 458, 268, 195)",2,5.2,75.1,TURN_LEFT,-36.2,33.7,76.3,TURN LEFT
2026-10-02T23:46:51.517,26,car,0.460,"(608, 461, 271, 189)",2,5.4,73.8,TURN_LEFT,-38.5,31.4,76.7,TURN LEFT
2026-10-02T23:46:51.623,26,car,0.585,"(616, 461, 266, 190)",2,5.3,74.9,TURN_LEFT,-40.3,29.6,77.1,TURN LEFT
2026-10-02T23:46:52.373,27,person,0.824,"(499, 263, 491, 449)",2,2.7,100.0,TURN_LEFT,-19.7,50.2,73.4,TURN LEFT
2026-10-02T23:46:52.462,27,person,0.683,"(505, 252, 494, 461)",2,2.6,100.0,TURN_LEFT,-31.0,38.9,75.4,TURN LEFT
2026-10-02T23:46:52.556,27,person,0.821,"(507, 247, 495, 466)",2,2.6,100.0,TURN_LEFT,-39.1,30.8,76.8,TURN LEFT
2026-10-02T23:46:52.644,27,person,0.874,"(514, 234, 492, 479)",2,2.5,100.0,TURN_LEFT,-45.0,24.8,77.9,TURN LEFT
2026-10-02T23:46:52.738,27,person,0.874,"(514, 234, 492, 479)",2,2.5,100.0,TURN_LEFT,-49.2,20.6,78.6,TURN LEFT
2026-10-02T23:46:52.830,27,person,0.854,"(515, 234, 493, 479)",2,2.5,100.0,TURN_LEFT,-52.2,17.6,79.1,TURN LEFT
2026-10-02T23:46:52.923,27,person,0.875,"(519, 233, 490, 480)",2,2.5,100.0,TURN_LEFT,-54.4,15.4,79.5,TURN LEFT
2026-10-02T23:46:53.017,27,person,0.873,"(520, 230, 488, 482)",2,2.5,100.0,TURN_LEFT,-56.0,13.8,79.8,TURN LEFT
2026-10-02T23:46:53.114,27,person,0.866,"(515, 222, 486, 490)",2,2.4,100.0,TURN_LEFT,-57.1,12.7,80.0,TURN LEFT
2026-10-02T23:46:53.206,27,person,0.866,"(515, 222, 486, 490)",2,2.4,100.0,TURN_LEFT,-57.9,11.9,80.1,TURN LEFT
2026-10-02T23:46:53.309,27,person,0.723,"(519, 227, 455, 485)",2,2.5,100.0,TURN_LEFT,-58.5,11.3,80.2,TURN LEFT
2026-10-02T23:46:53.497,27,person,0.557,"(546, 300, 391, 413)",2,2.9,100.0,TURN_LEFT,-47.1,22.7,78.2,STRAIGHT
2026-10-02T23:46:53.590,27,person,0.590,"(550, 380, 344, 333)",2,3.6,100.0,TURN_LEFT,-50.7,19.1,78.9,STRAIGHT
2026-10-02T23:46:53.692,27,person,0.590,"(550, 380, 344, 333)",2,3.6,100.0,TURN_LEFT,-53.3,16.5,79.3,STRAIGHT
2026-10-02T23:46:53.799,27,person,0.575,"(553, 403, 318, 310)",2,3.8,100.0,TURN_LEFT,-55.2,14.6,79.7,TURN LEFT
2026-10-02T23:46:53.912,27,person,0.691,"(554, 433, 308, 281)",2,4.2,85.7,TURN_LEFT,-54.1,15.7,79.5,TURN LEFT
2026-10-02T23:46:54.006,27,person,0.720,"(557, 436, 302, 277)",2,4.3,85.4,TURN_LEFT,-53.3,16.5,79.3,TURN LEFT
2026-10-02T23:46:54.097,27,person,0.549,"(557, 430, 303, 284)",2,4.2,84.1,TURN_LEFT,-52.5,17.3,79.2,TURN LEFT
2026-10-02T23:46:54.201,27,person,0.477,"(556, 427, 301, 287)",2,4.1,83.5,TURN_LEFT,-51.8,18.0,79.1,TURN LEFT
2026-10-02T23:46:54.281,27,person,0.559,"(545, 427, 307, 288)",2,4.1,84.7,TURN_LEFT,-51.6,18.2,79.0,TURN LEFT
2026-10-02T23:46:54.386,27,person,0.611,"(539, 407, 311, 308)",2,3.9,100.0,TURN_LEFT,-53.9,15.9,79.4,TURN LEFT
2026-10-02T23:46:54.486,27,person,0.535,"(528, 401, 318, 313)",2,3.8,100.0,TURN_LEFT,-55.6,14.2,79.7,TURN LEFT
2026-10-02T23:46:54.570,27,person,0.615,"(514, 378, 328, 336)",2,3.5,100.0,TURN_LEFT,-56.8,13.0,79.9,TURN LEFT
2026-10-02T23:46:54.663,27,person,0.721,"(514, 367, 326, 349)",2,3.4,100.0,TURN_LEFT,-57.7,12.1,80.1,TURN LEFT
2026-10-02T23:46:54.848,27,person,0.725,"(496, 356, 344, 358)",2,3.3,100.0,TURN_LEFT,-46.7,23.1,78.2,STRAIGHT
2026-10-02T23:46:54.943,27,person,0.451,"(480, 352, 355, 363)",2,3.3,100.0,TURN_LEFT,-50.4,19.4,78.8,STRAIGHT
2026-10-02T23:46:55.069,27,person,0.451,"(480, 352, 355, 363)",2,3.3,100.0,TURN_LEFT,-53.1,16.7,79.3,STRAIGHT
2026-10-02T23:46:56.955,28,person,0.486,"(298, 151, 337, 561)",1,2.1,100.0,TURN_RIGHT,16.7,72.9,53.2,TURN RIGHT
2026-10-02T23:46:57.048,28,person,0.633,"(214, 146, 368, 566)",1,2.1,85.7,TURN_RIGHT,26.4,74.6,43.5,TURN RIGHT
2026-10-02T23:46:57.150,28,person,0.560,"(200, 185, 371, 524)",1,2.3,84.9,TURN_RIGHT,33.2,75.8,36.7,TURN RIGHT
2026-10-02T23:46:57.336,28,person,0.508,"(11, 192, 599, 520)",1,2.3,98.5,TURN_RIGHT,33.8,75.9,36.1,TURN RIGHT
2026-10-02T23:46:57.427,28,person,0.452,"(7, 188, 606, 524)",1,2.3,97.9,TURN_RIGHT,40.8,77.1,29.1,TURN RIGHT
2026-10-02T23:46:58.972,29,person,0.508,"(652, 346, 327, 369)",3,3.2,100.0,TURN_LEFT,-16.6,53.3,72.9,TURN LEFT
2026-10-02T23:46:59.065,29,person,0.518,"(645, 261, 337, 449)",3,2.7,100.0,TURN_LEFT,-28.7,41.2,75.0,TURN LEFT
2026-10-02T23:46:59.158,30,person,0.823,"(187, 54, 1088, 660)",2,1.8,100.0,TURN_LEFT,-37.5,32.4,76.6,TURN LEFT
2026-10-02T23:46:59.251,30,person,0.823,"(187, 54, 1088, 660)",2,1.8,100.0,TURN_LEFT,-43.8,26.1,77.7,TURN LEFT
2026-10-02T23:46:59.355,30,person,0.796,"(183, 56, 1092, 657)",2,1.8,100.0,TURN_LEFT,-48.3,21.5,78.5,TURN LEFT
2026-10-02T23:46:59.471,29,person,0.854,"(447, 173, 830, 539)",3,2.2,100.0,TURN_LEFT,-51.6,18.2,79.0,TURN LEFT
2026-10-02T23:46:59.620,29,person,0.832,"(447, 172, 829, 541)",3,2.2,100.0,TURN_LEFT,-54.0,15.8,79.5,TURN LEFT
2026-10-02T23:46:59.751,29,person,0.834,"(435, 186, 840, 529)",3,2.2,100.0,TURN_LEFT,-55.6,14.2,79.7,TURN LEFT
2026-10-02T23:46:59.880,29,person,0.906,"(423, 188, 850, 528)",3,2.3,100.0,TURN_LEFT,-56.9,12.9,80.0,TURN LEFT
2026-10-02T23:46:59.977,29,person,0.893,"(392, 182, 882, 532)",3,2.2,100.0,TURN_LEFT,-57.7,12.1,80.1,TURN LEFT
2026-10-02T23:47:00.101,29,person,0.888,"(366, 172, 905, 543)",3,2.2,100.0,TURN_LEFT,-58.4,11.4,80.2,TURN LEFT
2026-10-02T23:47:00.189,29,person,0.900,"(360, 169, 910, 545)",3,2.2,100.0,TURN_LEFT,-58.8,11.0,80.3,TURN LEFT
2026-10-02T23:47:00.289,29,person,0.892,"(369, 162, 901, 552)",3,2.2,100.0,TURN_LEFT,-59.2,10.6,80.4,TURN LEFT
2026-10-02T23:47:00.383,29,person,0.892,"(369, 162, 901, 552)",3,2.2,100.0,TURN_LEFT,-59.4,10.4,80.4,TURN LEFT
2026-10-02T23:47:00.489,29,person,0.846,"(325, 156, 922, 559)",3,2.1,100.0,TURN_LEFT,-59.6,10.2,80.4,TURN LEFT
2026-10-02T23:47:00.601,29,person,0.591,"(276, 166, 882, 547)",2,2.2,100.0,TURN_LEFT,-59.7,10.1,80.4,TURN LEFT
2026-10-02T23:47:00.748,29,person,0.910,"(254, 182, 858, 534)",2,2.2,100.0,TURN_LEFT,-59.8,10.0,80.5,TURN LEFT
2026-10-02T23:47:00.883,29,person,0.909,"(259, 184, 861, 532)",2,2.2,100.0,TURN_LEFT,-59.8,10.0,80.5,TURN LEFT
2026-10-02T23:47:01.013,29,person,0.883,"(266, 192, 841, 524)",2,2.3,100.0,TURN_LEFT,-59.9,9.9,80.5,TURN LEFT
2026-10-02T23:47:01.137,29,person,0.904,"(265, 199, 843, 517)",2,2.3,100.0,TURN_LEFT,-59.9,9.9,80.5,TURN LEFT
2026-10-02T23:47:01.228,29,person,0.893,"(269, 203, 822, 513)",2,2.3,100.0,TURN_LEFT,-59.9,9.9,80.5,TURN LEFT
2026-10-02T23:47:01.314,29,person,0.900,"(268, 201, 819, 517)",2,2.3,100.0,TURN_LEFT,-60.0,9.8,80.5,TURN LEFT
2026-10-02T23:47:01.413,29,person,0.881,"(283, 206, 797, 510)",2,2.3,100.0,TURN_LEFT,-60.0,9.8,80.5,TURN LEFT
